Datetime,Username,Text,Translated_Tweets,Cleaned_Tweets
27/2/2023,?????????? ????????????????‍??,Dah tengah malam baru rasa lapar. Ee saja tau perut niii??,It's midnight to be hungry. Ee just know stomach niii ??,midnight hungry ee know stomach niii
27/2/2023,Izad Abas ????,Penatnya workout sampai lapar takleh gerak ??,Tired of workout until hungry is moving ??,tired workout hungry moving
28/2/2023,Phikahsuu????,Bangun bangun lapar. Rupanya last makan breakfast tadi. Baik puasa je,Wake up hungry. Apparently last breakfast. Good fasting,wake hungry apparently last breakfast good fasting
28/2/2023,Ezekiel,"Sambil ngadap laptop,tpi kepala otak duk pikir nk dinner apa..lapar lain macam","While facing a laptop, the head of the brain is thinking about what dinner is ...",facing laptop head brain thinking dinner
28/2/2023,Nrynia,@naaelena786 kau x lapar klu tak boleh abiskan sebiji apple https://t.co/sxv6ty904x,@naaelena786 you x hungry you can't finish an apple https://t.co/sxv6ty904x,x hungry cant finish apple
28/2/2023,syer✨,"@fasyahrh So far tak pernah makan ubat2 lagi. Tapi yang kononnya meal replacement penah la try. Lapar jugak! Baik makan proper meal, yg cukup nutrients lagi better and kenyang lama","@fasyahrh so far never eat medicine anymore. But the supposedly meal replacement is a try. Hungry too! Good eating proper meal, enough nutrients are better and full",far never eat medicine anymore supposedly meal replacement try hungry good eating proper meal enough nutrient better full
28/2/2023,Abg Bae??,"Omg dayah, roti kosong 2 keping td mampu bertahan selama 1 jam stgh je ke???skrg sy dah lapar balik???? anak ibu ke ibu yg kelaparan ni????‍????","OMG Dayah, 2 pieces of empty bread can last for 1 hour to ??? HOW TO MAKE THIS MOMENT ???? ‍ ????",omg dayah piece empty bread last hour make moment
28/2/2023,TwinKitty????,"Breakfast org sakit, yg sihat ni tgk lapar la pulak?? https://t.co/dyY0QYydJO","Breakfast org is sick, is this healthy not hungry la pulak ?? https://t.co/dyy0qyydjo",breakfast org sick healthy hungry la pulak
28/2/2023,ชา,sampai semalam terus pengsan ahahha lepas tu bangun this morning terus lapar ??,Until last night he fainted ahahha after waking up this morning was hungry ??,last night fainted ahahha waking morning hungry
28/2/2023,Fawwaz Anuar,"@yoomathambar Betul tuan, biasa kalau lapar sangat cari based ikan dan seafood je kalau tempat susah cari makanan halal ni. Last time pergi Philippines bantai makan buah sehari je tahan. Ketor tangan nak nasi.  Haha","@yoomathambar is right sir, it is common for hungry to find fish and seafood if it's hard to find this halal food. Last time it went to Philippines to eat fruit a day. Ketor hands want rice. Haha",right sir common hungry find fish seafood hard find halal food last time went philippine eat fruit day ketor hand want rice haha
1/3/2023,Lisa Del Rey,"And aku tak tahu sebenarnya aku dpt kerja dekat pipeline dulu atas sbb aku sendiri atau sebab doa daripada anjing yang lapar tu. Maybe betul cakap ibu, kita buat baik, pada manusia atau binatang, akan ada ganjaran yang baik walaupun kita tak tahu ganjarannya apa.","And I didn't know that I could work near the pipeline first as my own or because of the prayer of a hungry dog. Maybe it's right to say mom, we do good, to humans or animals, there will be good rewards even if we do not know what rewards.",didnt know could work near pipeline first prayer hungry dog maybe right say mom good human animal good reward even know reward
1/3/2023,Lisa Del Rey,"Actually aku tak ingat pun aku dpt kerja lepas bagi anjing lapar makan. Tp aku ingat la yang aku tgh makan kfc, then ternampak anjing tgh lapar cari makanan dekat tong sampah tp takda langsung anything y dia boleh makan. So aku keluar bawak seketul ayam pergi cari dia, bagi mkn.","Actually I don't even remember that I could work after a hungry dog. But I remember that I had to eat KFC, then saw a dog hungry to find food near the trash but didn't have anything to eat. So I came out with a chicken and went to find him, for me.",actually dont even remember could work hungry dog remember eat kfc saw dog hungry find food near trash didnt anything eat came chicken went find
1/3/2023,Lisa Del Rey,"Hari ni berhabis 250 beli brg kucing. Pahtu ngomel ngomel dlm kereta. Then ibu ckp, 

""tak apa la sedekah dekat kucing. Kucing doa kat kakak. Dulu kakak ingat tak kakak bagi anjing lapar makan dekat tepi jalan, esoknya terus dapat kerja dekat pipeline.""","Today is 250 buy cats. Pahtu nagging in the car. Then mom ckp,

""It's okay for a cat near a cat. The cat is praying to the sister. I used to remember that you didn't have a hungry dog ​​to eat near the road, tomorrow he continued to work near the pipeline.""",today buy cat pahtu nagging car mom ckp okay cat near cat cat praying sister used remember didnt hungry dog eat near road tomorrow continued work near pipeline
1/3/2023,syafiq safii ????????,Selalu tido lambat ni..selera makan lain mcm ye?? kejap je lapar balik,Always slow down..that is another meal mcm ye ?? See you hungry back,always slow downthat another meal mcm ye see hungry back
1/3/2023,crygurl????,"kalo sakit perut kaya lapar, perih gitu padahal udah makan kenapa yah? berasa lapar udah ga makan berhari hari pdhl baru aja makan","If you have a hungry stomach ache, it's about to eat why? Feeling hungry has not been eaten for a day of PDHL just eating",hungry stomach ache eat feeling hungry eaten day pdhl eating
1/3/2023,TASHA,Laparnya. Tiap jam lapar ??,Hungry. Every hungry hour ??,hungry every hungry hour
1/3/2023,ش,Lapar tp xtahu nk mkn apa akhirnya ku pilih subway,Hungry but not what I finally chose Subway,hungry finally chose subway
1/3/2023,Diy,Lapar tapi tak selera makan is the worstt,Hungry but not appetite is the worstt,hungry appetite worstt
1/3/2023,Sirius BLVCK,"@adikdiala Tengok makanan sedap2, lapar pulakkk","@adikdiala see delicious food, hungry pulakkk",see delicious food hungry pulakkk
1/3/2023,ألدو ريتشاردو,1 jam baru sampe rumah langsung ajak keluar makan karena lapar ?? https://t.co/tIhNqC02eJ,1 hour new home immediately invite to eat because of hungry ?? https://t.co/tihnqc02ej,hour new home immediately invite eat hungry
1/3/2023,Teera,Tapi saya lapar oredi,But I'm hungry oredi,im hungry oredi
2/3/2023,?? ?? ?? ?? ?? ??,"Susah nak dapat, kalau dapat pun harga bukan main Yahudi. Coklat nya seciput! Hujan asyik lapar je, dah macam-macam benda aku telan ni ?? Lari Balik kampung kejap, nak release….. https://t.co/MpeedBMo70","It's hard to get it, even if the price is not a Jewish price. The chocolate is as good! It's raining hungry, so many things I have to do ?? Run back to the village, to release… .. https://t.co/mpeedbmo70",hard get even price jewish price chocolate good raining hungry many thing run back village release
2/3/2023,d.k,Sampai sampai lapar tapi tak tahu nak order ape ??,Until hungry but don't know how to order ape ??,hungry dont know order ape
2/3/2023,Akmal Ahmad,"Pun boleehhh... Macam2 hal la korang ni.. ??
.
*COAST GUARD MALAYSIA -OPS HELANG*
Si Rima Lapar Noooo....Awat tak Bawa Bekal Tadi⁉️
.
#jom Attack Attack Attack ‼️Coast Guard: OPS Helang...MASIH lagi di Pawagam ??
.
@coastguard_film 
@malaysia_coastguard 
@primeworksstudios.film https://t.co/gdgs3XQ5HZ","Pun boleehhh ... how to do this .. ??
.
*Coast Guard Malaysia -Ops Eagle*
The hungry rhyme noooo ....
.
#Jom Attack Attack Attack‼ ️Coast Guard: Ops eagle ... Still in theaters ??
.
@coastguard_film
@malaysia_coastguard
@PrimeWorksStudios.film https://t.co/gdgs3xq5hz",pun boleehhh coast guard malaysia ops eagle hungry rhyme noooo attack attack attack coast guard ops eagle still theater film
2/3/2023,????????Azril Rozali,"Greek yogurt bgs sbb kandungan proteinnya double berbanding yogurt biasa. Bantu kawal rasa lapar. Karbohidrat juga pula rendah. Bleh di ambil sbg pre workout meal (15 minit sblm). Tingkatkn metabolisme bdn. Good bagi yg mula nk turun berat.

RT, follow saya untuk more tips kurus https://t.co/R3B1mBU7hj","Greek yogurt bgs as the protein content is double compared to normal yogurt. Help control hunger. Carbohydrates are also low. It is taken as a pre workout meal (15 minutes before). Level metabolism bdn. Good for those who start to lose weight.

Rt, follow me for more skinny tips https://t.co/r3b1mbu7hj",greek yogurt bgs protein content double compared normal yogurt help control hunger carbohydrate also low taken pre workout meal minute level metabolism bdn good start lose weight rt follow skinny tip
2/3/2023,zahraisa89,Saya lapar tp sy malu nk makan kenduri sorang².. please sape nk teman ni ??,I'm hungry but I'm embarrassed to eat a feast .. please sape nk this friend ??,im hungry im embarrassed eat feast please sape nk friend
2/3/2023,????????حافظ الدين,Baru masuk kerja. Lapar Sudah ??,Just got to work. Hungry already ??,got work hungry already
2/3/2023,حَانيم,"Bila lapar tapi tak dapat makan sbb sore throat. 

Nikmat kesihatan yg baik adalah nikmat yg paling berharga??","When you are hungry but can't eat as long after the afternoon.

Good health is the most precious favors ??",hungry cant eat long afternoon good health precious favor
2/3/2023,Dettol Disinfectant Spray,Ngidam lagi ni naskan @ Raihana Kenwinston. Lapar. Masih demam2 sikit. Mana peduli.,This craving again has @ Raihana Kenwinston. Hungry. Still a little fever. Where to care.,craving raihana kenwinston hungry still little fever care
2/3/2023,???? Abdullah Fikri,"Antara perkara yg dapat menjimatkan perbelanjaan makan aku adalah sarapan berat yg murah.

Iaitu telur ayam kampung 2 biji dan kopi untuk bertenaga. Ikut la nak masak penuh atau separuh masak. Makan 2 biji insyaAllah tak rasa lapar sampai tengahari.","One of the things that saves my eating expenses is a cheap breakfast.

Which is 2 village chicken eggs and coffee for energetic. Follow it to cook full or half cooked. Eat 2 inshaAllah beans not hungry until noon.",one thing save eating expense cheap breakfast village chicken egg coffee energetic follow cook full half cooked eat inshaallah bean hungry noon
2/3/2023,kimiskyper,"@jOE9991989999 @CrackHeadzKL @syzwncdm @AminNurazmi @GrabMY ... lain then pada masa sama que. ??? If betul2 nak sngt dpt order sambil makan
 At least say "" sorry encik, boleh tk encik tunggu sebentar, saya tengah makan sebb lapar sngt"". Simple as that","@joe9991989999 @crackheadzkl @syzwncdm @aminnurazmi @grabmy ... Other then at the same time. ??? If you really want to order while eating
 At least say ""sorry, you can wait a little while, I'm eating a hungry hungry"". Simple as that",time really want order eating least say sorry wait little im eating hungry hungry simple
2/3/2023,kimiskyper,"@jOE9991989999 @CrackHeadzKL @syzwncdm @AminNurazmi @GrabMY Pada pendapat saya , betul la driver tu yang salah. If you really ""ready"" to start your work. Then baru online then que. If nak buat benda lain, tak kisah la apa2 pun. If lapar ? Then offline and stop que. Pergi makan dulu, dh hbis makan baru masuk que. Ini tak, tengah buat benda","@joe9991989999 @crackheadzkl @syzwncdm @aminnurazmi @grabmy In my opinion, that's right the driver is wrong. If you really ""ready"" to start your work. Then just online then que. If you want to do something else, it doesn't matter what it is. If you are hungry? Then offline and stop que. Go eat first, Dh Hbis eats new to Que. This is not, in the middle of doing things",opinion thats right driver wrong really ready start work online que want something else doesnt matter hungry offline stop que go eat first dh hbis eats new que middle thing
2/3/2023,NurHidayahHanafi,"Aku dah la postcall. Lapar nak breakfast turun la cafe. Ni pebenda sambal dengan daging masak hitam pedas namampos. Ya ampunn nak bunuh orang ke apa ?? 

Rm6.50. https://t.co/67y5t7z5O7","I'm a postcall. Hungry to breakfast down the cafe. This is a sauce with spicy black meat. What do you want to kill people ??

RM6.50. https://t.co/67y5t7z5o7",im postcall hungry breakfast cafe sauce spicy black meat want kill people rm
2/3/2023,my,Tak pernah sakit sampai takde selera makan. Demam kalini kenapa ek. Aku stress tau perut aku lapar tapi aku tak boleh nak makan sampai kenyang. Baru 2 3 suap dah tak boleh makan lagi dah. Stress tahu tak.,It never hurts to have no appetite. Fever this is why. I stress my stomach hungry but I can't eat until full. New 2 3 bribes can't eat anymore. Stress knows.,never hurt appetite fever stress stomach hungry cant eat full new bribe cant eat anymore stress know
2/3/2023,Raja Fasola ??????,"@XavierNaxa @ConfessTweetMY Kalau bukak table explain/cerita situasi kewangan kita,silap2 member yg ada lebih tu boleh collect pulak bgi pakai, tpi klo member still x faham, tunjuk fak then maki, kne cas kedekut pn pgi mampos, yg lapar nnti kita.","@Xaviernaxa @confesstweetmy If you open a table explain/story of our financial situation, the members of the existing member can collect the use, but the member still understands, shows the faking then, then the stubborn pn is so hungry, we are hungry.",open table explainstory financial situation member existing member collect use member still understands show faking stubborn pn hungry hungry
3/3/2023,it’s me Marou,"@Dodiiey harap esok tak hujan. pergi awal, masuk awal lapar nanti ??‍??","@Dodiiey hope tomorrow will not rain. Go early, get in the early days of hungry ?? ‍ ??",hope tomorrow rain go early get early day hungry
3/3/2023,Itsme_thatshim,"4 minit lagi ke pukul 11pm, dan perut aku pon mengadu dia lapar.

????‍♂️","4 minutes left at 11pm, and my stomach complained that he was hungry.

???? ‍♂️",minute left pm stomach complained hungry
3/3/2023,Dini.dy,"Cara elak terlebih makan waktu mlm..

1. Snacking ptg never miss
2. Minum air kosong sebelum & selepas dinner
3. If dah habis dinner tp still lapar, boleh snacking dgn buah

Mkn mlm bukan punca gemuk, tp mkn berlebihan yes punca gemuk ??","How to avoid eating more time ..

1. Snacking ptg never miss
2. Drink empty water before & after dinner
3. If you have finished dinner but are still hungry, can snacking with fruit

MKN MLM is not the cause of fat, but it is too much for the fat ??",avoid eating time snacking ptg never miss drink empty water dinner finished dinner still hungry snacking fruit mkn mlm cause fat much fat
3/3/2023,Dini.dy,"Sebab perlu elak makan lewat malam utk turun berat badan: 

1. Kalori intake yg berlebihan di siang hari
2. Kurang bersenam
3. Tak sesuai bg yg low body metabolism 

If still lapar after dinner, boleh snacking dgn buah atau protein bar.","Because it is necessary to avoid eating late at night to lose weight:

1. Excessive calorie intake during the day
2. Less exercise
3. Not suitable for low body metabolism

If still hungry after dinner, it can snacking with fruit or protein bar.",necessary avoid eating late night lose weight excessive calorie intake day le exercise suitable low body metabolism still hungry dinner snacking fruit protein bar
3/3/2023,suga sexy,"Aku kalau lapar, mmg mudah badmood lagi lagi bab makan.","If I am hungry, it's easy to badmood again about eating.",hungry easy badmood eating
3/3/2023,suga sexy,"Aku punya lapar n tak puas hati, aku tenang je tanya staff tu ""bang, saya punya mee kolok daging dah siap ke?"" abang tu tengok aku terus dia ckp ""haah la ni awak punya""","I have a hungry n dissatisfied, I calmly ask the staff ""bang, I have a meat collection noodle?"" That brother saw me and he kept saying ""haah la you have""",hungry n dissatisfied calmly ask staff bang meat collection noodle brother saw kept saying haah la
3/3/2023,Hazril M.I,"Sebenarnya tak perlu makan banyak pun jika sekadar nak hilangkan lapar.
Dia jadi makan banyak sebab nak makan sampai rasa kenyang.....","In fact, you don't have to eat too much if you just want to get rid of hunger.
She eats a lot because she wants to eat until she's full .....",fact dont eat much want get rid hunger eats lot want eat shes full
3/3/2023,Dini.dy,"Tanda2 bila ketagihan gula ??

1. Rasa resah bila seharian tak makan @ minum air manis
2. Ada “poket doremon” yg sentiasa ada simpan makanan manis - handbag, laci ofis & peti ais
3. Makan walaupun tak lapar, pernah?
4. Tak suka air kosong - nak minum 1 liter pun seksa teramat!","Signs when sugar addiction ??

1. Feeling restless when you don't eat @ drink sweet water
2. There is a ""doremon pocket"" that always has sweet food - handbags, drawers & refrigerators
3. Eat even if you are not hungry, ever?
4. Don't like empty water - want to drink 1 liter too much!",sign sugar addiction feeling restless dont eat drink sweet water doremon pocket always sweet food handbag drawer refrigerator eat even hungry ever dont like empty water want drink liter much
3/3/2023,?????????????? ???????? ??????????!(??????)??⚒️,"Barang tengah lapar ni jangan buat main woo??,apa nak jadi ,jadi ?????? https://t.co/pXBOCuIsjf","This hungry is not to play woo ??, what to do, so ?????? https://t.co/pxbocuisjf",hungry play woo
3/3/2023,.m,Suruh celup tangan kanan pulak tu. Lepastu kena pergi lunch. Anda rasa saya masih berselera time tu!? Berselera je kut lepas dah cuci dgn sabun (tak ingat). Benda pun lapar. Duk hostel ni sentiasa kelaparan https://t.co/BLtsF7jXWu,Tell the right hand. You have to go to lunch. Do you think I'm still in that time!? Feel free to wash with soap (don't remember). Things are hungry. This hostel is always starving https://t.co/bltsf7jxwu,tell right hand go lunch think im still time feel free wash soap dont remember thing hungry hostel always starving
3/3/2023,A'in,Lapar. Keluar iklan mcd pulak. Tapi ngantuk. Hm. Tapi perut berbunyi ni??,Hungry. Exit McD's ad. But sleepy. Hm. But this stomach sounds ??,hungry exit mcds ad sleepy hm stomach sound
4/3/2023,Syafiq Zainal,"Tak payah throwback lama sangat.. aku start kerja takder gaji, kau tau aku makan apa masa tu?? Aku tak makan!! Tgh hari aku tak keluar!! Balik sampai rumah baru aku makan!! Kalau betul2 lapar aku akan carik nasik + telur dadar + air kosong kat mamak presint 9!! Bersyukur lah https://t.co/m3XjdEaZsM","No need to throwback so long .. I start working on a paycheck, do you know what I ate ?? I don't eat !! Tgh today I'm not coming out !! Back to the new house I ate !! If you are really hungry I will get the noodles + egg yolk + empty water in mamak precinct 9 !! Be grateful https://t.co/m3xjdeazsm",need throwback long start working paycheck know ate dont eat tgh today im coming back new house ate really hungry get noodle egg yolk empty water mamak precinct grateful
4/3/2023,Odegaard_,"@kopisusupekat dah tanya la nak makan apa, dia cakap ' i sakit bukan lapar ish'. 

Tuam letak kat perut ke?","@kopisusup is asking what he wants to eat, he says 'I'm sick not hungry ish'.

Put it on your stomach?",asking want eat say im sick hungry ish put stomach
4/3/2023,Fariszuan Azhar,"Serba serbi dok kena malam ni.

1. Member nak main2 tak kena waktu.
2. Filem aku tengok hampir semua bodoh
3. Lapar. Datang mekdi. Mekdi lembab...","It was a good night's dock tonight.

1. Members want to play.
2. The movie I see almost all stupid
3. Hungry. Come Mekdi. Mekdi is damp ...",good night dock tonight member want play movie see almost stupid hungry come mekdi mekdi damp
4/3/2023,ⓘ YobSebenar,Hujan akhirnya berhenti. Rasa mcm nak g mee tarik la. Lapar tau tak lapar!!,The rain finally stopped. I feel like I want to pull it off. Hungry is not hungry !!,rain finally stopped feel like want pull hungry hungry
7/3/2023,hahahaar,"Lapar. Tapi macam tak patut makan.

Ke burger?","Hungry. But I can't eat.

To a burger?",hungry cant eat burger
7/3/2023,?????????? ????????????????‍??,Perut tak lapar sgt pun tapi jadi tabiat still nak makan??cemana tak naik badan gini??,Stomachs are not hungry but so they still want to eat ??,stomach hungry still want eat
7/3/2023,syer✨,"Sebelum buka: takde mood ah nak makan, nanti2 lah fikir makan apa. Jap lagi ada class pulak.

After class: okay lapar gila, aduh nak muntah pulak. Angin ke eh? *proceed to order shopee food

Food sampai: okay makan cepat! 

While eating: okay tak habis

Kah! Amenda lah ko ni","Before opening: No mood to eat, let's think about eating what to eat. Jap is still a class.

After class: okay hungry crazy, I want to vomit. Wind to eh? *Proceed to order shopee food

Food until: Okay eat fast!

While eating: okay never end

Kah! Amenda lah ko ni",opening mood eat let think eating eat jap still class class okay hungry crazy want vomit wind eh proceed order shopee food food okay eat fast eating okay never end kah amenda lah ko ni
7/3/2023,Al-Fajr Travel & Tours Official,"KURMA SAYER ISTIMEWA DARI UAE!

Rasulullah SAW bersabda, “Sebuah keluarga yang mempunyai kurma tidak akan lapar”. (Hadis, Sahih Muslim, 5078).

Promosi Kurma Sayer kini kembali! Harga 1 carton RM110 SAHAJA. Dapatkan segera sementara stok masih ada! ?? https://t.co/5DLFp9h1z0","Special Sayer's dates from UAE!

The Messenger of Allah (may peace be upon him) said, ""A family with dates will not be hungry"". (Hadith, Sahih Muslim, 5078).

Sayer's promotion is back! Price 1 carton RM110 only. Get it right away while the stock is still available! ?? https://t.co/5dlfp9h1z0",special sayers date uae messenger allah may peace upon said family date hungry hadith sahih muslim sayers promotion back price carton rm get right away stock still available
7/3/2023,??,"Kalau lapar tak boleh bawak bincang, dah kenyang rasa nak muntah balik??","If hungry can't bring a talk, you have a lot to vomit back ??",hungry cant bring talk lot vomit back
7/3/2023,n,"Bodo punya vendor kat @foodpanda_my . After an hour baru nak cancelled order lancau ah. Aku dahla tengah lapar giler ni. Macam bodoh. Nak cancel, cancel lah awal2 bukan menyusahkan orang. I can go order food kat tempat lain bukan made me waiting for more than an hour.","Bodo has a vendor at @foodpanda_my. After an new hour to canceled order lancau ah. I'm in the middle of this hungry. Like stupid. To cancel, cancel is the beginning not to bother people. I can go order food elsewhere instead of making me waiting for more than an hour.",bodo vendor new hour canceled order lancau ah im middle hungry like stupid cancel cancel beginning bother people go order food elsewhere instead making waiting hour
7/3/2023,IZZATI HUSNA,Bertugas hari ni..n now lapar nak mamposss...satg nak p ppd hntr borang claim..xboleh jadi ni..kena grab something to eat kalau x xleh drive..ape yg cepat n sedap??dt mcd la wehhh...ddapnye cheeseburger ??????..happy meal je ????,On duty today..n now hungry to get mamposss ... ..ddapnye cheeseburger ?????? .. happy meal je ????,duty todayn hungry get mamposss ddapnye cheeseburger happy meal je
7/3/2023,Nabila,Lapar tapi tak tahu nak makan apa ni emosi jugak jadinya ni??,Hungry but don't know what to eat this emotions?,hungry dont know eat emotion
8/3/2023,????arynafiza????????,Tiber lapar. Sebab tengok resepi puding jagung kt tiktok. Lepastu beef stew ??,Hungry tiber. Because you look at the corn pudding recipe in Tiktok. Lepastu beef stew ??,hungry tiber look corn pudding recipe tiktok lepastu beef stew
8/3/2023,Lisa Del Rey,Lapar la. Nak keluar makan,Hungry. Want to go out to eat,hungry want go eat
8/3/2023,مَلِكه,Puasa duduk rumah pun lapar. Penat berfikir barangkali ??,Fasting home is hungry. Tired of thinking perhaps ??,fasting home hungry tired thinking perhaps
8/3/2023,anissyaff,Aku dah kenyang tgok gambar ni tibe jadi lapar https://t.co/kF5PE09Ts8,I'm full of pictures of this picture so hungry https://t.co/kf5pe09ts8,im full picture picture hungry
8/3/2023,Dini.dy_,"Ghrelin = hormon yang dikeluarkan pada perut yang memberikan isyarat rasa lapar pada otak.

Leptin = hormon yg dilepaskan drpd sel-sel lemak.. ia menyekat rasa lapar & menghantar isyarat kenyang kpd otak.","Ghrelin = hormones released on the stomach that signal hunger in the brain.

Leptin = Hormones released from fat cells .. It blocks hunger & sends a full signal to the brain.",ghrelin hormone released stomach signal hunger brain leptin hormone released fat cell block hunger sends full signal brain
8/3/2023,Hanz,Patutlah rasa lapar. Semalam tak makan. Just minum meal replacement sekali haha,It should be hungry. I didn't eat last night. Just drink meal replacement once haha,hungry didnt eat last night drink meal replacement haha
8/3/2023,Imran ??⚒️,@wtfsyh Hshshshshs dorang jaw drop kejap tp tutup mata ja semua tgh lapar ??,@wtfsyh hshshshs dorang jaw drop to close your eyes and all hungry ??,hshshshs dorang jaw drop close eye hungry
8/3/2023,Juani Ari Go ????,Aisehmen...lapar pulak tgh2 mlm ni.. sekarang asal kerja midnight mesti lapar time2 mcm ni..Mana mau nak dpt berat 75kg mcm ni,Aisehmen ... hungry pulak tgh2 mlm .. now midnight work must be hungry time2 mcm ni..what want to lose 75kg mcm ni,aisehmen hungry pulak tgh mlm midnight work must hungry time mcm niwhat want lose kg mcm ni
9/3/2023,Nellya Takde Cancer,Baru nampak bumbung rumah. Lapar tapi penat sangat. Terbayang bantal je dah ni.,Just saw the roof of the house. Hungry but very tired. Imagine this pillow.,saw roof house hungry tired imagine pillow
9/3/2023,sejiwa,Hidup ini keras tapi kalau lapar jangan lupa makan. Bismillahirrahmanirrahim... https://t.co/drW3BnA2l7,Life is hard but if you are hungry don't forget to eat. Bismillahirrahmanirrahim ... https://t.co/drw3bna2l7,life hard hungry dont forget eat bismillahirrahmanirrahim
9/3/2023,نابيلا هودى,Ohh malamni anak aku lapar ke aku lapar tah ?? Aiskrim + nasi ft sambal KA + biskut lemak 3 keping ?? Semalam kemahen muntah2 tidur pun perut bunyi ???? Bila nak habis fasa ni ya,Ohhhhhhhhhhhhhhhhhhhhhhhhhhhhhhhhhhhhhhhhhhhhhhhhhhhhhhhhhhhhhhhhhhhhhhh Ice cream + rice ft sambal ka + fat cookies 3 pieces ?? Last night the vomit was sleeping in the stomach ???? When you want to finish this phase,ohhhhhhhhhhhhhhhhhhhhhhhhhhhhhhhhhhhhhhhhhhhhhhhhhhhhhhhhhhhhhhhhhhhhhhh ice cream rice ft sambal ka fat cooky piece last night vomit sleeping stomach want finish phase
9/3/2023,Bumper,@Shahredzu4111 Sungguh menyelerakan kn...lapar kita dibuat nya,@Shahredzu4111 is really delicious ... our hunger is made,really delicious hunger made
9/3/2023,Akmalomar95,Tiada pilihan untuk berdua atau sorg. Cuma ada pilihan kekal lapar or kenyang?? https://t.co/1ULwKqZDCt,There is no choice for both or sorg. Is there just a choice of hungry or full ?? https://t.co/1ulwkqzdct,choice sorg choice hungry full
9/3/2023,ceah ✌️,Lepas makan berat masih boleh makan lagi. Masih bisa merasa lapar. Katanya saya ada 4 perut mcm lembu. https://t.co/bCcFCygBkg,After eating weight can still eat again. Still feel hungry. He said I had 4 stomach mcm cows. https://t.co/bccfcygbkg,eating weight still eat still feel hungry said stomach mcm cow
9/3/2023,mary ✨,Lapar gila makan last pukul 10am. Hadap jammed lekat pulak. Sakit kepala lagi. Perut cramp lagi. ??,Crazy hungry at 10am. Face jammed sticks. Headache again. Cramp stomach again. ??,crazy hungry face jammed stick headache cramp stomach
9/3/2023,Aisha Iskandar,"Lapar tapi tak boleh makan apa apa, melainkan bubur ??","Hungry but can't eat anything, except porridge ??",hungry cant eat anything except porridge
9/3/2023,Nazrayne,"Mula2 macam nak complain sebab tersilap ikut jalan ni. Jalan jammed satu, takut kereta rosak satu, lapar pun satu. Tapi bila fikir balik, area atas sana, lebih ramai yang dah tak ada rumah, kereta, and makanan sebab banjir kalini teruk sangat. So, aku tutup mulut dan bersyukur. https://t.co/mu3AfZazA1","It was like complaining because it was mistaken for this road. The road is jammed one, afraid of the car damaged one, even one hungry. But when I think about it, the area up there, more and more homes, cars, and food because the floods are so bad. So, I shut my mouth and be grateful. https://t.co/mu3afzaza1",like complaining mistaken road road jammed one afraid car damaged one even one hungry think area home car food flood bad shut mouth grateful
9/3/2023,Eni Lestari Simanjuntak,"Saya lapar lagi setelah menonton video ini.
https://t.co/60yzb16IqZ
Saksikan video ini
https://t.co/CROXRlLrbl
https://t.co/QpU7rEWDHe
https://t.co/vbcZOYS5EX
https://t.co/4KuXUHJpf6","I was hungry again after watching this video.
https://t.co/60yzb16iqz
Watch this video
https://t.co/croxrllrbl
https://t.co/qpu7rewdhe
https://t.co/vbczoys5ex
https://t.co/4kuxuhjpf6",hungry watching video watch video
9/3/2023,MZHatta????????,"Ratusan ni mesti dah bnyk kena suap, takde keluarga lapar masa PKP, takde ahli keluarga mati sbb incompetence abahcow https://t.co/ZOg9RczP9G","Hundreds of these must have been bribed, no hungry family during the CPP, no family members die as income of abahcow https://t.co/zog9rczp9g",hundred must bribed hungry family cpp family member die income abahcow
9/3/2023,자,Lapar tpi bnyk keje pulak hrmm ??,Hungry but not really hrmm ??,hungry really hrmm
9/3/2023,Annemunisa Husin,"Aku punya frust takleh buat main. Punya terketaq-ketaq lapar g dapur nak buat roti telur for lunch. Sekali pecahkan telur dalam kuali, telur busuk. 

Terus kemas2 naik atas sambung keja. Spoil la ??","I have a frust to play. Have a hungry hungry g to make egg bread for lunch. One eggs in the pan, rotten eggs.

Keep up the rise on the connection. Spoil la ??",frust play hungry hungry g make egg bread lunch one egg pan rotten egg keep rise connection spoil la
9/3/2023,Nuna Nadia,"@efaperfume Maybe hari 1st and 2nd day perut akan berangin, sebab nak adapt dengan puasa. Saya minum ESP blend dengan kurma?? time moreh pon minum jugak, sebab menyusukan anak,lapar memalam ?? https://t.co/d9IsQOPtdQ","@efaperfume maybe the 1st and 2nd day stomach will be windy, because they want to adapt to fasting. I drink ESP blend with dates ?? Time is a pound of drinking, for breastfeeding, hungry in the night ?? https://t.co/d9isqoptdq",maybe st nd day stomach windy want adapt fasting drink esp blend date time pound drinking breastfeeding hungry night
9/3/2023,333 ??,"@efaperfume Aku practise mkn kurma & air putih je time sahur. Kdg2 kurma pun tak makan. Baru la boleh tahan sampai berbuka. 

If sahur heavy, half day pun dah start rasa lapar.","@efaperfume I practice dates & white water in time. Even the dates don't eat. It can hold it until it breaks.

If Sahur Heavy, half day is starting to feel hungry.",practice date white water time even date dont eat hold break sahur heavy half day starting feel hungry
9/3/2023,Z Z??,dye macam lapar tapi tak hahaha tah lahh nak makan. tak boleh tgh ganti puasa ??,dye is hungry but not hahaha tah lahh want to eat. Can't you change fasting ??,dye hungry hahaha tah lahh want eat cant change fasting
9/3/2023,JACK f×cks DOGS,"Kek gini kali rasanya banting tulang. 
Mata perih kurang tidur 
Pikiran pusing
Badan lelah
Perut lapar
Yang penting semangat biar bisa halalin si ompol kecap kurap
@savira_warda","This cake is like a bone that tastes.
Eyes about less sleeping
The mindset
The body of tiredness
Hungry
The important thing is to be halaline the ompol is gone
@savira_warda",cake like bone taste eye le sleeping mindset body tiredness hungry important thing halaline ompol gone
10/3/2023,Ooi Beng Cheang,"Mana je kau pergi, orang kampung pandang kau dengan hina kat kau sebab kau takde kerja, tidur bawah pokok. Selepas seminggu kau lapar sangat, curi buah dari dusun makan. Orang kampung nampak dan mengamuk, belasah kau dan ikat kau kat pokok...","Wherever you go, the villagers look at you despicable because you don't work, sleep under the tree. After a week of hungry, steal the fruit from the orchard. The villagers see and rag, you have a crush and tie you to the tree ...",wherever go villager look despicable dont work sleep tree week hungry steal fruit orchard villager see rag crush tie tree
10/3/2023,qilah,"Bab makan dan lapar ni jangan uji kesabaran aku. Dia boleh menggeletis video call member dia depan mesin tu dok ulang aku tak reti aku tak reti, eh geram ek","This eating and hungry thing is not to test my patience. He can scratch the video call member in front of the machine that dock I don't retire I don't retire, eh angry",eating hungry thing test patience scratch video call member front machine dock dont retire dont retire eh angry
10/3/2023,niza,@NH3309 Lapar terus tgk lontong tu,@Nh3309 hungry continuing to see,hungry continuing see
10/3/2023,Ende Holidays,"Perut sudah lapar rasanya
Kepengen makan nasi rendang
Kamu dan pemandangan alam itu sama
Sama sama enak dipandang","The stomach is hungry it tastes
Kids eat shredded rice
You and the views of nature are the same
Equally tasty",stomach hungry taste kid eat shredded rice view nature equally tasty
10/3/2023,BearGemuk,Lapar plak… tu la makan awal sgt,Hungry plaque ... he eats early,hungry plaque eats early
11/3/2023,ngohey,"@sotongmalas Cannot. Eat - cry - eat. Baru dapt makan lebih. Nangis requires energy. Lepas nangis lapar lagi. Kalau nangis dulu baru makan, bihun goreng kosong takda goreng pun tak habis","@sutongmalas cannot. Eat - Cry - Eat. Just eat more. Crying for energy. After crying again. If you cry before eating, empty fried vermicelli is not fried",eat cry eat eat cry energy cry cry eating empty fried vermicelli fried
11/3/2023,Izad Abas ????,Tak boleh tidur lepas tu lapar,Can't sleep after being hungry,cant sleep hungry
11/3/2023,Lekir Jambang ????,10:30 malam hingga 12:45 tngh malam dalam 4 orang berurut. Fit juga tenaga aku dalam diam senanya. Lapar kemudian jangan kata pula.,10:30 pm to 12:45 pm in 4 people. Fit is also my energy in silence. Hungry then don't say it anyway.,pm pm people fit also energy silence hungry dont say anyway
11/3/2023,aswad,Dasar lapar perhatian ?? Kau ingat movie ke datang last minute Pastu pompuan tu cancel wedding dia hahahhahahah https://t.co/oIcFtrElSP,Hungry attention ?? You remember the movie to come last minute past the pump that cancel her wedding hahahhahahah https://t.co/oicftrelspp,hungry attention remember movie come last minute past pump cancel wedding hahahhahahah
14/3/2023,Arifin NK,"@JulBayur3 Jeruji besi besi...??? Koruptor dan tukang suap ternyaman hanya ada di Indonesia. Miliaran bahkan triliyunan uang negara digarong tapi hukumannya nggak sepadan! giliran maling singkong karena lapar hukumannya,wow it's amazing! Bahkan ada penyuap yang ngumpet!","@Julbayur3 Iron Iron ... ??? Corruption and bribes are only available in Indonesia. Milk even the country's money trillers are being treated but the punishment is not the same! It is a hungry turn for hungry, wow it's amazing! There is even a lifter of lumps!",iron iron corruption bribe available indonesia milk even country money trillers treated punishment hungry turn hungry wow amazing even lifter lump
14/3/2023,Paksheikh,"@syhr Saya lapar,saya nak makan.Awak dah makan?","@syhr I'm hungry, I want to eat.",im hungry want eat
14/3/2023,Syauti_a,"Lapar, mencari satey.
15 daging, 15 ayam,2 ketul nasi impit. Total Rm 26.
Murah ke murah?
Hanya di Yus Satey keramat, berhadapan Masjid kubu gajah,  sungai buloh.
Mana nak cari 2023 di Sungai buloh Satey Ayam 0.80, Satey Daging 0.80. 
#kitajagasungaibuloh https://t.co/d3Fo57YcSJ","Hungry, find satey.
15 meat, 15 chicken, 2 tablespoons of rice. Total RM 26.
Cheap to cheap?
Only at Yus Satey Keramat, opposite the Elephant Fort Mosque, Sungai Buloh.
Where to find 2023 in Sungai Buloh Satey Chicken 0.80, satey meat 0.80.
#kitajagasungaibuloh https://t.co/d3fo57ycsj",hungry find satey meat chicken tablespoon rice total rm cheap cheap yus satey keramat opposite elephant fort mosque sungai buloh find sungai buloh satey chicken satey meat
14/3/2023,EKA,staff CIMB senawang mmg mcm sial ke perangai? kau nak tengking2 orang sebab kau bosan + lapar. butho,Staff CIMB SENAWANG mmg mcm damn to temper? You want to spit on people because you're tired of being hungry. butho,staff cimb senawang mmg mcm damn temper want spit people youre tired hungry butho
14/3/2023,al,"Kecewa dgn 4fingers. Guna shopee food, Order set add on nasi, dia bg set je :( org dh la tgh lapar, bayar kot ermm masa nak refund dia mntk gmbr adk tgh mkn maleh dh la, boikot 4 fingers","Disappointed with 4fingers. Use Shopee Food, order set add on rice, he bg set je :( org dh la tgh hungry, pay kot ermm when he wants to refund he is gmbr adk tgh mkn maleh dh la, boycott 4 fingers",disappointed finger use shopee food order set add rice bg set je org dh la tgh hungry pay kot ermm want refund gmbr adk tgh mkn maleh dh la boycott finger
14/3/2023,Baba Rayyan,@STresnowat1 Kesiannya kamu ni.. lapar perhatian..??,@Stressnowat1 your pity .. hungry attention .. ??,pity hungry attention
14/3/2023,A M I R A ♡,"dah makan lunch awal, confirm pukul 4 atau 5 nanti lapar balik","Have eaten lunch early, confirm at 4 or 5",eaten lunch early confirm
14/3/2023,Sya,Lapar youu. Baru nak dinner nasi ayam pukul 1.50 pagi waktu malaysia. Lol https://t.co/K4UuTqW0S6,Hungry youu. New to dinner chicken rice at 1.50am Malaysia time. Lol https://t.co/k4uutqw0s6,hungry youu new dinner chicken rice malaysia time lol
14/3/2023,Qiz Balqis • Takaful & Property,Saya lapar tapi saya ngantuk. Burger dengan air ada kt sebelah. Boleh tak makan dalam mimpi je ? ??,I'm hungry but I'm sleepy. Burger with water is on the side. Can't you eat in a dream? ??,im hungry im sleepy burger water side cant eat dream
15/3/2023,khalisah ??,Tapi tulah lapar benor skrg ni.. nak masak megi rasa berdosa pada badan ??,But this is a hungry hungry now .. Want to cook a sin on the body ??,hungry hungry want cook sin body
15/3/2023,kien.,lapar gila astu mak masak nasi goreng ada telur pula ??,Hungry crazy mom cook fried rice with eggs anyway ??,hungry crazy mom cook fried rice egg anyway
15/3/2023,نيسا ??,"Pukul 3 dah makan dgn husband, pastu lapar, pukul 6 lebih makan lagi. Ni lapar balik, apebenda ni perut ?? naii badannya tak jugak. Lauk pon dah habis, malas dah nak memasak malam2","At 3 o'clock eating with your husband, it's hungry, 6 o'clock. Is this hungry back, what is the stomach ?? Naii his body is not good. The fish is over, it's lazy to cook the night",oclock eating husband hungry oclock hungry back stomach naii body good fish lazy cook night
15/3/2023,SH ??,"@nuna_winna Kann, i pulak pattern makan tgk phone, dri lapar, tgk video concert trus hilang selera.. teruk betul ????????","@nuna_winna kann, i pulak pattern eating tgk phone, drip hunger, tgk video concert trus losing appetite .. really bad ????????",kann pulak pattern eating tgk phone drip hunger tgk video concert trus losing appetite really bad
15/3/2023,iqbal saudagar,"Burger tak murah ,tak mahal tapi sedap.. #burgertime #burgerlove #burgercrispy #burgersedap #burgermurah #gombakdelivery #gombakfooddelivery #fooddelivery #selayangfooddelivery #gombak #selayang #selayangbaru #selayangmall #batucaves #batucavesfood #lapar #laparke https://t.co/nhjMHS20pI","Burger is not cheap, not expensive but tasty .. . CO/NHJMHS20PI",burger cheap expensive tasty conhjmhspi
15/3/2023,wanie ??,"Balik dari hospital memang cari nasi, lapar teruk","Back from the hospital is looking for rice, bad hungry",back hospital looking rice bad hungry
15/3/2023,suga sexy,Aku ni lapar tapi nak kurus. Tadi dah makan nasi. :'),I'm hungry but I want to be skinny. I had eaten rice. : '),im hungry want skinny eaten rice
15/3/2023,A M I R A ♡,lately ni cepat lapar tapi kalau makan mesti tak habis,Lately this is hungry but if you eat it must never be,lately hungry eat must never
15/3/2023,deela,Kenapa ye org kata air gula x sedap.. aku hritu rasa sedap je ?? relax je mcm minum sirap ?? maybe sbb lapar & haus kot dh puasa semalaman ?? https://t.co/jK2hj1k4Yd,Why do you say sugar water x is delicious .. I feel good? relax je mcm drink syrup ?? maybe as hungry & thirsty fasting overnight ?? https://t.co/jk2hj1k4yd,say sugar water x delicious feel good relax je mcm drink syrup maybe hungry thirsty fasting overnight
15/3/2023,Annisa Tamara ??,"Sarapan nasi kuning jam 7, jam segini udah lapar!","Yellow rice breakfast at 7 o'clock, this time is hungry!",yellow rice breakfast oclock time hungry
15/3/2023,yanut,Lemah betul kalau shopping barang dapur time lapar ni ??,Is it really hard to shopping for this hungry kitchen item ??,really hard shopping hungry kitchen item
15/3/2023,ain.sebbie | ✨???????????????? ????-??????????✨,"@SyahidahDarmawi I seeeeee. Sbb family i jenis berbuka kuih2 je, lepas terawih baru dinner nasi, sebab tu sahur tu belum lapar. Tahun ni plan berbuka nak berbuka dgn nasi pulak, tp tgk la nanti terawih cemana dah kenyang tu ????","@SyahidahDarmawi I SEEEEEE. As a family I kind of breaking the cake, after the new dinner of the rice dinner, because it was not hungry. This year the plan is to break up with rice, but it's not too late ????",seeeeee family kind breaking cake new dinner rice dinner hungry year plan break rice late
15/3/2023,behave,Duduk rumah tak rasa lapar wpun makanan sentiasa dpn mata. Tapi bila kt office… 24jam fikir psl makanan. Adakah kesimpulannya jgn pegi office demi menjauhi kegemukan,Sitting at home does not feel hungry even if the food is always with the eyes. But when the office ... 24 hours think about food. Does the conclusion do not go to the office to avoid obesity,sitting home feel hungry even food always eye office hour think food conclusion go office avoid obesity
15/3/2023,ادي هاريث????????,Masuk office pagi ni rasa lapar yg amat. ??,Entering the office this morning is a great hungry. ??,entering office morning great hungry
15/3/2023,menahan diri,Haaa..dah macam ni tak tidur lagi. Memang cari nahas. Kan dah lapar,Haaa..it's not like this anymore. It's a crash. It's hungry,haaaits like anymore crash hungry
16/3/2023,jaa | online business owner ✨,Hari ni makan dah banyak tapi masih lapar,Today is a lot of food but still hungry,today lot food still hungry
16/3/2023,ali,dah 4 train ye sampai aku masih tak dapat naik HUAAAAAAA dah la tengah lapar ni,already 4 train ye until i still can't climb huaaaaaaa it's hungry,already train ye still cant climb huaaaaaaa hungry
16/3/2023,MyLittleJourney,masa ni kau lapar pun tak heran dah dengan makanan ?? https://t.co/LShuRfelr1,Do you even have to be hungry for food ?? https://t.co/lshurfelr1,even hungry food
16/3/2023,nina-syazna??????,"Sikgor for lunch.
 Walaupun dah tak lalu tapi sebab lapar ku telankan Jebat!","Sikgor for lunch.
 Although it's not gone but because of my hungry, it is a jerk!",sikgor lunch although gone hungry jerk
16/3/2023,fatinkeprawi,"Mata mengantuk,perut lapar ??","Sleepy eyes, hungry stomach ??",sleepy eye hungry stomach
16/3/2023,natsume142,"Lapar.. tak sabar time lunch, bawa bekal ikan tempoyak","Hungry .. Can't wait for lunch time, bring tempoyak fish supplies",hungry cant wait lunch time bring tempoyak fish supply
16/3/2023,Fadd Yeager,Lapar tapi malas nak buka mulut,Hungry but lazy to open your mouth,hungry lazy open mouth
17/3/2023,Marsya,"Apparently only after marrying me Syahmi baru dengar “lapar nasi”.

Ingat semua orang pun ckp lapar nasi(?) esp bila.. nak nasi? ??","Apparently only after marrying me Syahmi just heard ""hungry rice"".

Remember everyone is hungry rice (?) ESP when .. Nak rice? ??",apparently marrying syahmi heard hungry rice remember everyone hungry rice esp nak rice
17/3/2023,. : : MNA : : .,Nasi lemak ayam 2 ketul for dinner. Lunch konon2 kenyang tak lapar sangat sebab busy. Office mate tapaukn pun tak usik. Bila dah malam ni lapaqq betul. Haha ✌️✌️ https://t.co/HHyA4n0OUu,Chicken fat rice 2 tablespoons for dinner. Lunch is supposed to be full of hungry because it's busy. The office mate is not even smiling. When it is late tonight is right. Haha ✌️✌️ https://t.co/hhya4n0ouu,chicken fat rice tablespoon dinner lunch supposed full hungry busy office mate even smiling late tonight right haha
17/3/2023,PQ,Jenis lapar tapi taknak makan nasi,Hungry type but not eat rice,hungry type eat rice
17/3/2023,Mimie ????‍♂️,Jgn la main² dgn orang lapar.Lagi² yg jenis baran mcm aku ni…?? https://t.co/hACTThsgHv,Don't play with hungry people. https://t.co/hactthsghv,dont play hungry people
17/3/2023,Aisya Aurora,Sorry baby today mommy busy sgt. Baby tendang2 mommy kuat sebab lapar tadi. Rehat mommy lmbt arini. Maaf ya ??,Sorry baby today mommy is busy. Baby kicks mommy is strong because of hungry. Mommy's rest. Sorry ??,sorry baby today mommy busy baby kick mommy strong hungry mommy rest sorry
17/3/2023,Lee SlimShady,"Betapa pedihnya si miskin dan anak yatim menahan lapar kerana tak punya wang untuk makan. Rai kan lah mereka yg kurang bernasib baik kerana itu akan mendekatkan dirimu dgn taqwa. Salam Ramadhan buat Dato' @FranticKL 

(Petikan ayat: Matthew 23:12)","How painful the poor and orphans are hungry because they have no money to eat. Rai is the less fortunate because it will bring you closer to the piety. Ramadan for Dato '@frantickl

(Excerpt of Verse: Matthew 23:12)",painful poor orphan hungry money eat rai le fortunate bring closer piety ramadan dato excerpt verse matthew
17/3/2023,????????,At this hour I rasa nak kejut Fendi main masak2 bc im hungry :) tapi member is tired dan I takleh tengok dia penat. I’ll let him rest sampai sudah tapi tu lah lapar ni ??,At this hour I feel like I'm shocking Fendi to cook2 bc im hungry :) but member is tired and I can't see him tired. I'll let him rest until it's hungry ??,hour feel like im shocking fendi cook bc im hungry member tired cant see tired ill let rest hungry
18/3/2023,PU liss ????,"Tengok iChang ni makan tengah-tengah malam, lapar! Tapi kita tak boleh la melantak malam-malam. Lari diet nanti.","Look at Ichang's lunch, hungry! But we can't go out at night. Run a diet later.",look ichangs lunch hungry cant go night run diet later
19/3/2023,Λιηι ,"Aku taktau la lapar ke tak. Dah tu dari td duk buang air, ada la dalam 3 kali keluar masuk toilet within 1 hours. Menjadi2 bunyi perut kosong tu ??","I was hungry. That's it from the water, there are 3 times in and out of the toilet within 1 hours. Be the sound of that empty stomach ??",hungry thats water time toilet within hour sound empty stomach
19/3/2023,Λιηι ,"Aku dah rasa kenyang dah tp tengah duduk2 kedengaran bunyi perut ""lapar"" ??","I feel full already when I sit in the sound of ""hungry"" stomach ??",feel full already sit sound hungry stomach
19/3/2023,ⓘ YobSebenar,Aku barai betul ni. Tapi lapar tapi barai nak keluar. Bimbo ke ek kalau gini?,I'm a good thing. But hungry but I want to come out. Bimbo to ek if this is it?,im good thing hungry want come bimbo ek
20/3/2023,amèl,YA ALLAH SYUKUR GILA WEH LUAR RUMAH AKU PAKAI SOLAR LAMP kt area parking kete- jadinya takdela satu rumah gelap. ?? kalo satu rumah takde sekelumit cahaya confirm aku dah nangis td sebab sesorang je kat rumah. dahla lapar takdan nak makan.,Oh my God is crazy outside the house I use solar lamp in the parking lot- so it's a dark house. ?? If one house was not a little light confirmed I was crying because someone was home. It's hungry to eat.,oh god crazy outside house use solar lamp parking lot dark house one house little light confirmed cry someone home hungry eat
20/3/2023,αɳყα ժíղҽɾօ ??,"Faham tak, aku rasa lapar tapi tak rasa nak makan? Hm dah empat hari macam ni. Makan sikit je, pastu dah taknak hmm this is not me!","You know, I feel hungry but don't feel like eating? Hm it's been four days like this. Eat a little bit, I don't want to hmm this is not me!",know feel hungry dont feel like eating hm four day like eat little bit dont want hmm
20/3/2023,Sofea,Lapar aku ni mmg takleh bawak bincang. Mmg lapar betul ye setiap masa??,I'm hungry for me to talk. Do you really hungry all the time ??,im hungry talk really hungry time
20/3/2023,Rosniah Abdullah,"Flight dah sampai lewat malam, perut lapar, tapi kedai makan/cafe tutup dah. Tak convenient langsung. #klia https://t.co/cbHX6uP3uj","The flight is late at night, the stomach is hungry, but the eatery/cafe is closed. Not a direct convenient. #klia https://t.co/cbhx6up3uj",flight late night stomach hungry eaterycafe closed direct convenient
20/3/2023,WOOF??,Lapar. Makan kt rumah jelah.  6 hours to go,Hungry. Eat at home. 6 hours to go,hungry eat home hour go
20/3/2023,????????????.??????????,@TunHitler Faham . Nak kata lapar . X sangat pon . Peanut butter boleh kot . Kacang jugak ??,@Tunhitler understand. I want to say hungry. X is very pounds. Peanut butter can coat. Peanut butter ??,understand want say hungry x pound peanut butter coat peanut butter
20/3/2023,????????????'?? ??,Lapar lah aku ni. Nak masak apa eh.,I'm hungry. What to cook.,im hungry cook
20/3/2023,N E Y R A,Lapar. Nak McD. Tapi pakcik bas tak habaq berapa minit stop sini. Tanya banyak Kali dia diam je. Pakcik bas ni bisu ke huuuuuuu https://t.co/SqkAD6OBlb,Hungry. Nak McD. But the bus uncle didn't have a few minutes to stop here. Ask him many times. This bus uncle is dumb to Huuuuuuu https://t.co/sqkad6oblb,hungry nak mcd bus uncle didnt minute stop ask many time bus uncle dumb huuuuuuu
20/3/2023,Papayen (Adzren Adnan),"@Ariff_ft_ezlan @imranasyraff @sofearozaidi_ Betul, tp silap sy jugak, facts tak tepat. Facts kena tepat baru ok. Sama mcm kalau org tanya knp kena solat. Kita pulak jwb sbb solat ni adalah senaman utama utk kuruskn badan kurangkan lapar selain tiang agama. Kn salah tu...","@Ariff_ft_ezlan @imranasyraff @sofearozaidi_ right, but wrong and jugak, facts inaccurate. Facts have to be just right ok. The same is true if they ask for prayer. We are back in this prayer as a major exercise to lose weight of hunger than religious pillars. That's wrong ...",right wrong jugak fact inaccurate fact right ok true ask prayer back prayer major exercise lose weight hunger religious pillar thats wrong
21/3/2023,✨Beef Liver Supremacy✨ ?? Isotret ??,"@iezasevda Dah la tak berjuang lawan lapar pun masa bulan puasa, pastu komplen harga baju raya mahal ????","@iezasevda is not fighting for hungry during the fasting month, sure the price of the shirt is expensive ????",fighting hungry fasting month sure price shirt expensive
21/3/2023,?? ?? ?? ?? ?? ??,Aku lapar aku sakit perut ?? ke sebab tadi makan laksam weh ??,I'm hungry I have a stomach ache ?? Why did you eat Laksam weh ??,im hungry stomach ache eat laksam weh
21/3/2023,JIJO FIGHTER??,@GhazaliPuteh okey bagi sikit nanti makanan tu lapar,@Ghazaliputeh okay for a little bit of food,okay little bit food
21/3/2023,JIJO FIGHTER??,lelaki kalau lapar dia cari makan dulu..perempuan kalau dia lapar dia tak cari makan dulu! tapi dia cari pasal dulu barulah cari makan....????,Men if he is hungry he is looking for food first ... a girl if he is hungry he won't look for food first! But he was looking for something first and then he was looking for a meal .... ????,men hungry looking food first girl hungry wont look food first looking something first looking meal
21/3/2023,Mala????,Sbentar lagi sdh bulan puasa harus kuat tahan nafsu dn lapar??✌️ https://t.co/ixy8eduE5x,Sometimes the fasting month should be strong and hungry ?? ✌️ https://t.co/ixy8edue5x,sometimes fasting month strong hungry
21/3/2023,Logan ??,"Sambung redah jem..
Ada org area shah alam nak lunch sama?

Lapar weiii.. https://t.co/y3LXim3t2C","Connect the jam ..
Is there a shah nature area for lunch?

Hungry weiii .. https://t.co/y3lxim3t2c",connect jam shah nature area lunch hungry weiii
21/3/2023,Raihana_Aai (2nd acc),sbb hari ni kene amek darah dengan perut lapar semua haihh,Today here is bloodshed with hungry stomach all the haihh,today bloodshed hungry stomach haihh
21/3/2023,Qahhh ☂️,"Saya lapar, saya mahu makan kek ??","I'm hungry, I want to eat cake ??",im hungry want eat cake
21/3/2023,??,"So today makan toasted bread & mee kari je kat secret recipe. Now dah lapar nasi, dasar perut melayu lah sehari tk dpt nasi tk boleh ??","So today eat toasted bread & curry in secret recipe. Now it's hungry for rice, the bottom of the stomach is not a day without rice?",today eat toasted bread curry secret recipe hungry rice bottom stomach day without rice
22/3/2023,Sofia??,"@yw_w26 @masBUNG3 @FOODFESS2 @sebutsajakucing trueee, di jam jam bangun tidur abis sahur, perut itu keroncongan lapar gak jelas, tapi abis itu biasa ajaa sampe maghrib","@yw_w26 @masbung3 @foodfess2 @sebutsajakucing trueee, in the clock waking up after the bed, the stomach is hungry, but it is normal",trueee clock waking bed stomach hungry normal
22/3/2023,???? عزتي ذوالقرنين,@askrapidkl memang tak boleh nak sediakan air or roti ke kalau ada problem macam ni. Aku rasa nak marah gila lapar penat dari pukul 7 tadi dari Kelana Jaya. Pukul 10 baru sampai Dato' Keramat.  Shiballl.,@askrapidkl really can't prepare water or bread if you have any of these problems. I think I want to get angry at 7 o'clock from Kelana Jaya. At 10 o'clock until Dato 'Keramat. Shiballl.,really cant prepare water bread problem think want get angry oclock kelana jaya oclock dato keramat shiballl
22/3/2023,Goddess of the Night??✨,Aaarghhh vid ameng dah keluar. Excited lain macam kalau awal bulan puasa ni. Auto lapar ??,Aaarghhh vid Ameng is out. Excited something like the beginning of this fasting month. Auto hungry ??,aaarghhh vid ameng excited something like beginning fasting month auto hungry
22/3/2023,Kalila ????,@AsmaAzha Weh apa simptom gdm hg paling ketara eh? Aku memang boleh tahan lapar tapi risau dlm perut ni haa. Tak makan denyut² perut aku.,@Asmaazha weh what is the most significant GDM HG symptom eh? I can really be hungry but worry in this stomach haa. I didn't eat my stomach.,weh significant gdm hg symptom eh really hungry worry stomach haa didnt eat stomach
22/3/2023,Kalila ????,"Harap esok puasa ok la. Bfr this try ganti puasa, pukul 11 dah kena bukak sbb lapar gila. Siap muntah². Now, alahan pun dah kurang. Insyaallah nak puasa full. https://t.co/oAHFQegq8d","Please fast tomorrow ok. BFR this try to change the fast, at 11 o'clock. Ready to vomit. Now, the allergy is low. InshaAllah wants to fast full. https://t.co/oahfqegq8d",please fast tomorrow ok bfr try change fast oclock ready vomit allergy low inshaallah want fast full
22/3/2023,????????????.??????????,"Siang ni lapar . Menahan lapar nya lah aku ni . Cut segala gula bagai . Air pon dah habis 2 liter . Kejap lagi malam lagi lah aku lapar . So aku dinner before 7pm ?? kalau lapar jugak aku bancuh milo . Pastu tidur awal, jam 12 dah tidur . Selagi aku berjaga, selagi tu aku masak","This afternoon is hungry. Hold on to my hunger. Cut all the sugar. The water is running out of 2 liters. I'm still hungry at night. So I'm dinner before 7pm ?? If I was hungry I would mix Milo. Sleep early, 12 o'clock. As long as I'm awake, as long as I cook",afternoon hungry hold hunger cut sugar water running liter im still hungry night im dinner pm hungry would mix milo sleep early oclock long im awake long cook
22/3/2023,Voney,Lapar tapi ga nafsu makan,Hungry but not eating,hungry eating
22/3/2023,Marsya,Risau weh aku time mcm ni dah lapar nanti puasa harap ok amin,Worried that I time is hungry then fasting please ok amen,worried time hungry fasting please ok amen
22/3/2023,linda salihin,"@_NazriH Tak bukak kat sekolah anak sy. Masa pra pun dah x serve makan. Budak2 baya 6-7 thn balik dah macam udang terbakar. Dari semangat nak belajar puasa, terus singgah shell sebab lapar ??","@_Nazrih is not open to my kid's school. Pre -time is already x serve eating. The 6-7 year old boys are like shrimp. From the spirit of learning to fast, keep stopping for a shell because of hungry ??",open kid school pre time already x serve eating year old boy like shrimp spirit learning fast keep stopping shell hungry
22/3/2023,Dillydaly,@kthpeachwinter Food is important. Bukan hanya memberikan nutrient but also boost morale. Imagine bebudak lapar and hanya ur keropok lekor 2rm is offered.,@kthpeachwinter food is important. Not only does it give nutrient but also boost Morane. Imagine hungry children and only ur crackers 2RM is offered.,food important give nutrient also boost morane imagine hungry child ur cracker rm offered
22/3/2023,ena4wil,"Within 10 minutes, ksong susu mama dia ?? sian dia lapar tggu mama dia.. sbb tu la daffa mena belajar mnum guna btol.. so if mama and daddy kluat jenis x ingt rmh, daffa blh tahan lapa skit..","Within 10 minutes, Ksong milk dia ?? She was hungry for her mom .. as she was learning to learn how to use btol ..",within minute ksong milk dia hungry mom learning learn use btol
22/3/2023,JIJO FIGHTER??,@ellysukatido alah sama lah jijo gurau jer tu. awal pagi dekat malaysia ni mmg mcm ni lapar tapi tak leh nak makan ??,@ellysukatido is the same as Jijo jokes. Early morning near Malaysia mmg mcm is hungry but don't want to eat ??,jijo joke early morning near malaysia mmg mcm hungry dont want eat
22/3/2023,Maria Gultom,Kirain susah tidur karena Insomnia ternyata karena Lapar-_-,Kirain is difficult to sleep because insomnia turns out to be hungry -_-,kirain difficult sleep insomnia turn hungry
23/3/2023,DANIAL HAKIM,2kali dowh kena kejar ngn anjing time lari ptg tdi. Aq rase anjing pun puasa tu yg lapar nk gigit org??,2 times when it comes to chasing dogs time running away. Aq feel the dog fasting that hungry nk bite org ??,time come chasing dog time running away aq feel dog fasting hungry nk bite org
23/3/2023,Kalila ????,Berjaya habiskan puasa first day! Tak rasa lapar cuma dahaga. Makan mee goreng tambah 2 kali ??,Successfully finished the first day fast! Don't feel hungry just thirst. Eat fried noodles 2 times ??,successfully finished first day fast dont feel hungry thirst eat fried noodle time
23/3/2023,amir syarif siregar.,"@Harian_Jogja PATUNG DIANGGAP GANGGU ORANG PUASA?! PATUNG?! PATUUUUNG?! 

LEMAH KALI KADAR IMAN KALIAN. LIAT PATUNG BISA NGURANGIN PAHALA PUASA? ATAU LIAT PATUNG BISA NGEBUAT KALIAN LAPAR?! NGEBUAT KALIAN NAFSU?!

ASTAGA. CETEK BANGET ISLAMNYA. MALU!","@Harian_jogja statue is considered to interfere with fasting people?! Statue?! Patuuuung?!

Weak the rate of your faith. Can statue be able to reduce the reward of fasting? Or can the statue be hungry for you?! Do you have lust?!

Astagu. Shallow Islam. SHY!",statue considered interfere fasting people statue patuuuung weak rate faith statue able reduce reward fasting statue hungry lust astagu shallow islam shy
23/3/2023,SK,Habis pahala puasa aku yg mmg sikit je ni petang-petang ni. Dah la lapar yall,I have the reward of my fasting this evening. It's hungry yall,reward fasting evening hungry yall
23/3/2023,liana,"lapar boleh tahan lagi, dahaga tu tak tahan weh sumpah. ??","Hungry can withstand again, thirst can not be sworn. ??",hungry withstand thirst sworn
23/3/2023,Zack Grealish,Rm70 habis dekat bazaar. Bahayanya bila pergi time tgh lapar. Semoga esok lebih baik.,RM70 is out near the bazaar. The danger is when you go hungry time. Hope tomorrow is better.,rm near bazaar danger go hungry time hope tomorrow better
23/3/2023,?????????? ??????????,"Tak lapar tapi heartburn ?? sabar ye perut, lagi 3 jam je","Not hungry but heartburn ?? Patience ye stomach, another 3 hours",hungry heartburn patience ye stomach another hour
23/3/2023,Mommy Monsta,Tapi sy tak lapar. Cuma perut sy yg bunyi-bunyi ??,But I'm not hungry. Just my stomach sounds ??,im hungry stomach sound
23/3/2023,CikguFifaGaming,Tiba² lapar. Kedai apa sedap tengahari mcm ni yer. ????????,Suddenly hungry. What a delicious mcm mcm shop. ????????,suddenly hungry delicious mcm mcm shop
23/3/2023,terpaling paling,Belum terliur hhahha tak rasa lapar and haus lagi setakat ni.,Hahahha has not been hungry and thirsty yet.,hahahha hungry thirsty yet
23/3/2023,SATBINMAS POLRES BKL-SEL,"Selamat menunaikan ibadah puasa adiak sanak sekalian, sembari menahan haus dan lapar di siang hari jangan lupau tetap jagau Kamtibmas yang kondusif awu ????
@polda_bengkulu 
@polres_bengkulu_selatan 
@juda_tampubolon 
@judatampubolon 
#polripresisi
https://t.co/hMSMa8RGBZ","Happy to perform the fast of the fast -paced fasting, the thirsty and hungry during the day do not miss the conducive camel ????
@polda_bengkulu
@polres_bengkulu_selantan
@juda_tampubolon
@judatampubolon
#polripiation
https://t.co/hmsma8rgbz",happy perform fast fast paced fasting thirsty hungry day miss conducive camel
23/3/2023,Anis,Lain macam lapar first day puasa ni.,Another hungry for the first day of fasting.,another hungry first day fasting
23/3/2023,syimplos ??,Tak lapar cuma dahaga,Not hungry just thirst,hungry thirst
23/3/2023,AzharKhilmy,Baru pukul 11 dah start lapar ni. Haha. Itu lah. Sahur 1 minit sebelum subuh lagi. ??,It's just 11 o'clock. Haha. That's it. Sahur 1 minute before dawn. ??,oclock haha thats sahur minute dawn
23/3/2023,umi.zedd??,Sape suruh tak sahur. Kan dah lapar. Mengantuk plak tu. Rasa malas nau??,Sape told me to be proud. It's hungry. Sleepy plaque. Feeling lazy ??,sape told proud hungry sleepy plaque feeling lazy
23/3/2023,Pejuang Kanak-Kanak,"Bantulah kami untuk melaksanakan puasa, melakukan solat malam, menjaga lisan dan memelihara pandangan; dan jangan jadikan puasa kami hanya sekadar lapar dan dahaga. 

SELAMAT BERPUASA https://t.co/0fdIMqCwcR","Help us to perform fasting, perform night prayers, keep verbal and preserve our views; And don't make our fasting just hungry and thirsty.

Happy fasting https://t.co/0fdimqcwcrr",help u perform fasting perform night prayer keep verbal preserve view dont make fasting hungry thirsty happy fasting
23/3/2023,Meck Ajaib,"sahur oat 2 sudu, kurma 5 biji, telur rebus 4biji. 

buat balik mcm tahun lepas. tidak terlalu kenyang & xterlalu lapar. bykkan air. atleast tgh hari perut x bergendang rencak irama asli.","2 tablespoons oats, 5 seeds, boiled eggs.

Make it back to last year. Not too full & hungry. Many water. atleast tgh day x stomach x drums of original rhythm.",tablespoon oat seed boiled egg make back last year full hungry many water atleast tgh day x stomach x drum original rhythm
24/3/2023,????????????.??????????,nikmat dapat buka puasa . rasa hargai sangat² dapat makan . rasa insaf teringat orang yang tak dapat makan . rasa banyaknya kita membazir selama ni . belajar sesuatu sangat . rehat cukup and tidur lebih teratur sebab nak bangun sahur . zikir jadi “makanan” kita sebab tahan lapar https://t.co/waRfMAoW3d,"Enjoy the fast. The taste is very good to eat. The feeling of remembering people who can't eat. It feels like we've been wasting so much. Learn something very. Rest is enough and sleep is more organized because you want to wake up. Remembering our ""food"" because of hungry https://t.co/warfmaow3d",enjoy fast taste good eat feeling remembering people cant eat feel like weve wasting much learn something rest enough sleep organized want wake remembering food hungry
24/3/2023,not,Whole day tak haus lgsung and start lapar bila dh pukul 6camtu. Suap anak makan pon rilek lg hahaha,Whole day is not thirsty and start hungry at 6 o'clock. Break the kids eating pounds hahaha,whole day thirsty start hungry oclock break kid eating pound hahaha
24/3/2023,n,Nang respect la kt orang nok berbusiness makanan masa Ramadan tok. Agik2 orang nok bejual banyak lauk or apa2 jk. Kmk orang nok sik banyak jual pun dah kepak sampe energy dah weak ???? nasib sik berasa gilak lapar. Cuma haus jk ??,I respect the people of the Ramadan food. Agik2 people are selling many side dishes or whatever JK. Kmk people have a lot of selling already for energy until wemak ???? Sik's fate is hungry. Just wear jk ??,respect people ramadan food agik people selling many side dish whatever jk kmk people lot selling already energy wemak siks fate hungry wear jk
24/3/2023,NFS,Amsyar punya style lapar gigit orang wehh ??,Amsyar has a hungry style of bite people wehh ??,amsyar hungry style bite people wehh
24/3/2023,Kinnn,"Dah 2 hari makan granola time sahur. Sumpah kenyang gila. Time berbuka makan sikit pun dah kenyang. Memalam takde lapar pun. Yang nak diet tu, boleh cuba makan granola ??","It's been 2 days for granola time. I swear crazy. Time to break a little eating is full. Even in a hungry, no hungry. Who wants that diet, can you try granola ??",day granola time swear crazy time break little eating full even hungry hungry want diet try granola
24/3/2023,Intansunny,i love seeing videos from non muslim yang cuba berpuasa. menghayati erti menahan diri dari lapar dah dahaga selain bagus utk kesihatan,I love seeing videos from non -Muslims trying to fast. Appreciating the meaning of refraining from hunger is thirsty than good for health,love seeing video non muslim trying fast appreciating meaning refraining hunger thirsty good health
24/3/2023,#LuthfiBerkata,Tekun betul kawan tu makan lemongrass chicken. Awak lapar atau baby yg lapar tuu ?? ?? https://t.co/t2tLuCPTU5,The friend was really good at eating Lemongrass Chicken. Are you hungry or a hungry baby ?? ?? https://t.co/t2tlucptu5,friend really good eating lemongrass chicken hungry hungry baby
24/3/2023,Hanz,What’s wrong with me eh. Aku malas nak makan utk berbuka. like smlm makan roti coklat gardenia yg singgit tu sebungkus. Harini tak tau lagi. Dia lapar tapi tak lapar. Tapi memang confirm malas. Stay sorang camtu lah ??,What's wrong with me eh. I'm lazy to eat to break. Like just eating the brown gardenia bread. Today I don't know today. She was hungry but not hungry. But it's a lazy confirm. Stay a cameraman lah ??,whats wrong eh im lazy eat break like eating brown gardenia bread today dont know today hungry hungry lazy confirm stay cameraman lah
24/3/2023,j,Budak budak tak payah la nak paksa suruh dorang tahan lapar. Kesian gila https://t.co/ws2d8olk4v,The boy is not trying to get the hungry to be hungry. Poor crazy https://t.co/ws2d8olk4v,boy trying get hungry hungry poor crazy
24/3/2023,Faziera Adznan,"Bila aku lapar, aku cakap aku nak makan. Kalau ngantuk, aku cakap je aku nak tidur. Perempuan bila amalkan gaya gini mmg akn selalu bergaduh. Jangan expect org faham kita kalau kita tak cakap terus terang. https://t.co/ilM5TGQYCg","When I'm hungry, I say I want to eat. If I'm sleepy, I tell you I'm going to sleep. Women when practicing this style will always fight. Don't expect people to understand if we don't talk frankly. https://t.co/ilm5tgqycg",im hungry say want eat im sleepy tell im going sleep woman practicing style always fight dont expect people understand dont talk frankly
24/3/2023,teguh dragnel,Diam bukan berarti lemah tapi lapar,Silence is not weak but hungry,silence weak hungry
24/3/2023,Lil Zham X,"Dah tua bangka ni aku rasa ko boleh tahan kot lapar dahaga time puasa ni. Org lain post gambar/vid resepi makanan pun ko dah tak tahan siap komen ""kenapa lalu time tengahari"". 

Korang ni bkn budak kecik, dah besar kot. Adehh","It's old that I think I can withstand the hungry coat of thirst. Other people post pictures/vid food recipes I can't stand ready to comment ""why in the afternoon"".

This guy is not a little boy, it's a big coat. Adehh",old think withstand hungry coat thirst people post picturesvid food recipe cant stand ready comment afternoon guy little boy big coat adehh
24/3/2023,dy,"Idc what people say about me, I never bring my kids for Raya shopping. Biasanya I will go during lunch break atau over the weekends and left them with le hubs. Koser nyah aku nak pilih pilih berperang pulak dengan sorang nak kencing, sorang lapar, sorang tanak duk stroller. ?? https://t.co/bqaBVPyoTv","Idc what people say about me, I never bring my kids for Raya shopping. Usually I will go during lunch break or over the weekends and left them with le hubs. I want to choose a battle with a pee, a hungry, a stroller. ?? https://t.co/bqabvpyotv",idc people say never bring kid raya shopping usually go lunch break weekend left le hub want choose battle pee hungry stroller
24/3/2023,?????????? ??????????,Lg 5 minit pukul 5 baru ade rasa lapar sikit2. Tapi masih takde rasa heartburn. Alhamdullilah ??,5 minutes at 5 o'clock is a little hungry. But I still have no heartburn. Alhamdullilah ??,minute oclock little hungry still heartburn alhamdullilah
24/3/2023,احمد,Semoga rasa lapar dan dahaga anda hilang ?? https://t.co/LeyzUAjREr,May your hunger and thirst disappear ?? https://t.co/leyzuajrer,may hunger thirst disappear
24/3/2023,✨,@DausLaith @khairulaming Hahaha ye! Geram betul. Lapar pulak skrg ni??????,@Dauslaith @khairulaming hahaha ye! That's right. Hungry now ??????,hahaha ye thats right hungry
24/3/2023,shazril ????,"2 Ramadhan

Puasa memberi manfaat??

Hikmah puasa Ramadhan tidak hanya bermakna sebagai kewajipan seorang muslim terhadap perintah Allah dengan menahan lapar dan haus selama bulan Ramadhan. Puasa adalah perisai bagi yang melakukannya...","2 Ramadan

Fasting benefits ??

The wisdom of fasting Ramadan does not only mean as a Muslim's duty to Allah's command by holding hunger and thirst during the month of Ramadan. Fasting is a shield for those who do it ...",ramadan fasting benefit wisdom fasting ramadan mean muslim duty allah command holding hunger thirst month ramadan fasting shield
24/3/2023,B,@hayfaaLeiaa Beli dine in kadang lagi laju dari drive thru. Pregnant mom kalau lapar bukan boleh tggu. Bukan masalah nak tunjuk ke tak. ☺️,@hayfaaleiaa buy dine in sometimes more speed from drive thru. Pregnant mom if hungry is not possible. It's not a problem to show it. ☺️,buy dine sometimes speed drive thru pregnant mom hungry possible problem show
24/3/2023,Αικατερίνη⚡️,"Baru tahu kalau baby gerak kuat sgt maksudnya dia lapar, tk semestinya kurang gerak je..","Just know if the baby is moving as strong as she means hungry, it should not be less motion ..",know baby moving strong mean hungry le motion
24/3/2023,monkifly/farra,apahal tetiba tgh malam aku lapar mcm aku xmakan sehari padahal buka td aku makan je . pelik betul ??,No matter how late at night I was hungry for me to eat one day when I opened it. That's strange ??,matter late night hungry eat one day opened thats strange
25/3/2023,Iliani,"Kalau lapar, makanlah. Kalau tudung senget, betulkanlah. Taktahu nak makan kat mana? Google jelah or beli kat food delivery. Hidup ni jangan terlalu complicated sangat dengan benda begini. ?? https://t.co/AzHY3S2tb3","If you are hungry, eat. If the lid is intense, fix it. Where do you want to eat? Google or buy at food delivery. Life is not too complicated with this kind of thing. ?? https://t.co/azhy3s2tb3",hungry eat lid intense fix want eat google buy food delivery life complicated kind thing
25/3/2023,Quincy Arrancar,"Nasi ayam, roti john, popia sira, tea ais. Ok done kenyang. Tapi lapar nak makan pussy pulak. ????????","Chicken rice, john bread, popia sira, ice tea. Ok done full. But hungry to eat pussy. ????????",chicken rice john bread popia sira ice tea ok done full hungry eat pussy
25/3/2023,Fit,@GoddOfFather Kalau jenis workout malam boleh la kot makan banyak sebab lapar after workout… kalau tak workout tak tau dah nak sumbat apa lagi sebab dah penuh ??,@Goddoffather if the kind of night workout can eat a lot because hungry after workout… if you don't workout you don't know what to do because it's full ??,kind night workout eat lot hungry workout dont workout dont know full
25/3/2023,Razeen Asyraf,"salah ke bunuh something
 yang mak dia tak hilang tah ke mana..
 
still kecik tak makan 
bende lain selain susu..

Aku just nak bunuh n tiada yang siksa lapar
dan ia nya lebih cepat dari mati lapar","wrong to kill something
 that her mother didn't disappear anywhere ..
 
still a little less eating
Other than milk ..

I just want to kill n no hungry torture
and it is faster than being hungry",wrong kill something mother didnt disappear anywhere still little le eating milk want kill n hungry torture faster hungry
25/3/2023,Fadd Yeager,@nisaabalqis Sebelum buka pic ni aku ingat gimbap tadi ?? Adakah sebab aku lapar Haha,@nisaabalqis before opening this pic I remember gimbap earlier ?? Is it because I'm hungry haha,opening pic remember gimbap earlier im hungry haha
25/3/2023,Nur Syafikah Roslee,"Penat mcm mana pun isteri tu kalau dua tiga pagi suami balik , cakap lapar , isteri tetap bangun masakkan utk suami , sebab rasa sedih isteri je tahu bila suami balik penat tapi tak makan .","Tired of the wife where the wife is two or three in the morning, she is hungry, the wife will still wake up for her husband, because the wife is sad to know when the husband is tired but he does not eat.",tired wife wife two three morning hungry wife still wake husband wife sad know husband tired eat
25/3/2023,fii!,@hidayat_yusaini Nanti kalau lapar datang rumah aku yat ajar urut.,@hidayat_yusaini later if hungry comes home I teach massage.,later hungry come home teach massage
26/3/2023,not,Buang air besar 2 kali dh harini. Harap2 tak menggelupur lapar lewat ptg ni ????,Throw it 2 times today. Hope you don't get hungry through this ptg ????,throw time today hope dont get hungry ptg
26/3/2023,La Suerte Aiman,@adlii__ Saing demo ko hirr nii lie ? Lapar bual molek napok ??,@adlii__ competition demo ko hirr nii lie? Hungry chat molecule ??,competition demo ko hirr nii lie hungry chat molecule
26/3/2023,૮₍ ˃̵͈᷄ . ˂̵͈᷅ ₎ა,Buka puasa tadi makan sikit je sebab risau anak tak sihat ???? tu pasal la malam buta ni sebok cari makan lapar huhu,The fasting was eating a little bit because the child was worried ???? It's a blind night that is looking for hungry food,fasting eating little bit child worried blind night looking hungry food
26/3/2023,૮₍ ˃̵͈᷄ . ˂̵͈᷅ ₎ა,Thankyou shuamikuuu memalam buta gini bini dia tetiba ngadu lapar padahal suami dah tidur dah ?? sanggup bangun kejap gi belikan makan ????,Thankyou shuamikuuu tapped in this blindness when he was hungry when his husband was asleep ?? Will you be able to wake up to buy a meal ????,thankyou shuamikuuu tapped blindness hungry husband asleep able wake buy meal
26/3/2023,mackyminhaj,lapar ek. tadi buka makan sikit je.,hungry. I opened a little meal.,hungry opened little meal
27/3/2023,NarawidyaLaksmiDewi,@exaudiosiregar Enak enak juga.. makanya kalap kalo beli takjil. Titipan orang serumah plus lapar mata??,@Exaudiosiregar is delicious too .. so you can buy it. Titipan people are hungry plus eyes ??,delicious buy titipan people hungry plus eye
27/3/2023,shazril ????,"5 Ramadhan

Hadith Rasulullah SAW menyatakan bahawa orang yang berpuasa sedangkan mereka tidak memelihara lidah (percakapannya) dan juga masih melakukan maksiat, tidak akan diberi pahala oleh Allah SWT ke atas puasa mereka selain lapar dan dahaga sahaja.","5 Ramadan

The Hadith of the Messenger of Allah (may peace be upon him) states that those who are fasting while they do not keep their tongues (conversations) and are still committing evil, will not be rewarded by Allah Almighty on their fasting besides hunger and thirst.",ramadan hadith messenger allah may peace upon state fasting keep tongue conversation still committing evil rewarded allah almighty fasting besides hunger thirst
27/3/2023,Yayat??,"Dulu masa kecil, batal puasa sebab lapar. Dewasa ini, batal puasa, sebab horny.","Back in childhood, I was canceling fasting because of hungry. Today, it is canceled, because of horny.",back childhood canceling fasting hungry today canceled horny
27/3/2023,Ilyani Fadlina,"Lepastu settle, aku cakap kat dia. Kalau lapar pergi la beli maggi. Dah tak boleh puasa, kenapa tahan perut. Bukan salah pun. Hahahaha kuat nau bunyi??","Then settle down, I told him. If you go hungry then buy Maggi. You can't fast, why hold your stomach. Not wrong. Hahahaha loud nau sound ??",settle told go hungry buy maggi cant fast hold stomach wrong hahahaha loud nau sound
27/3/2023,dilla.nur_,"3 sebab tak boleh skip meal lengkap (ada karbo & protein) bila diet: 

1. Mudah lapar
2. Kurang kalori berkualiti
3. Otot shrink, body fat maintain di badan

RT & follow utk lebih tips diet sihat ??","3 Reasons Can Not Skip Full Meals (Carbo & Protein) When Diet:

1. Easy to be hungry
2. Lack of quality calories
3. Shrink muscles, body fat maintain on the body

RT & Follow for more Healthy Diet Tips ??",reason skip full meal carbo protein diet easy hungry lack quality calorie shrink muscle body fat maintain body rt follow healthy diet tip
27/3/2023,????????????.??????????,"So far dah 5 ramadhan ni from 82 kilos, sekarang dah 79 kilos . Betul lah memang kena makan berat sekali sehari je . Makan nasi 2 senduk je sehari sebab sahur 1 senduk, buka 1 senduk . Lebihkan lauk and sayur ?? memang seksa lah menahan lapar . Jangan layan sangat lapar tu sis https://t.co/7CRAtb7OlR","So far it's 5 Ramadan from 82 kilos, now 79 kilos. It's true that you have to eat once a day. Eat rice 2 tablespoons a day for 1 tablespoon, open 1 tablespoon. More side dishes and vegetables ?? It is a pain to endure hunger. Don't be so hungry https://t.co/7cratb7olr",far ramadan kilo kilo true eat day eat rice tablespoon day tablespoon open tablespoon side dish vegetable pain endure hunger dont hungry
27/3/2023,Alief Muhd,@itunini86 @_rezarazali_ @SanyHamzan Nak simbolik-simbolik pula? Jadi dengan sendirinya anda akui pimpinan terdahulu lapar untuk di recognise pimpinan arab sahaja la? Takda sifat ikhlas pun dalam ibadat? Patut la arab haramkn selfie di kaabah terus sekarang. Jemaah umrah Malaysia suka buat hal seperti anda ????,"@itunini86 @_rezarazali_ @sanyhamzan Nak symbols? So by yourself, you acknowledge that the former leader is hungry for the Arab leader to recognize? No sincerity in worship? It should be a selfie in the Temple now. Malaysian pilgrims like to do things like you ????",nak symbol acknowledge former leader hungry arab leader recognize sincerity worship selfie temple malaysian pilgrim like thing like
27/3/2023,BreadCatcherCheeseKimbap,Ya Allah lapar weh duduk dalam aircond sejuk2 ni ?????????? baru 9.30 kotttttt ????????,Oh my god you are sitting in this cold aircond ?????????? New 9.30 kotttttt ????????,oh god sitting cold aircond new kotttttt
27/3/2023,Syuuuu..,tahu tahu hari ni da puasa kelima ?? ?? hari ni juga naik kerja da..rasa macam nk cuti sebulan ?? sebab sejak first puasa tu tak rasa lapar teruk sgt ?? alhamdulilah,Know this day of the fifth fast ?? ?? Today is also going to work and does it feel like a month's vacation ?? Because since the first fasting it doesn't feel so bad? thank you,know day fifth fast today also going work feel like month vacation since first fasting doesnt feel bad thank
27/3/2023,Amer Al-Jeffrey,"Sahur makan overnight oat pastu mama buat roti celup telur pastu minum protein shake.

Semoga tak lapar di office hari ni. ??","Sahur eats overnight oats pasta for mommy to eat eggs to drink protein shake.

Hope you won't be hungry in the office today. ??",sahur eats overnight oat pasta mommy eat egg drink protein shake hope wont hungry office today
27/3/2023,Fish and chips,Ok aku tak boleh tidur. Lapar sgt. Nasik putih + sambal goreng ikan bilis tempe + sayur labu masak lemak + ciken wing = sahur. https://t.co/wLVeAOjA0E,Ok I can't sleep. Hungry. White tablespoon + fried fish fried tempeh + fatty pumpkin cooked fat + ciken wing = sahur. https://t.co/wlveaoja0e,ok cant sleep hungry white tablespoon fried fish fried tempeh fatty pumpkin cooked fat ciken wing sahur
28/3/2023,KleekOutdoor,@irwan_bijon @RajaPetra Dalam kes ni anak dia lapar nak nak pakai rxz,@irwan_bijon @rajapetra In this case his son is hungry to use rxz,case son hungry use rxz
28/3/2023,ahmd.hfz_,"abord, hilang mood lupa tekan start. lapar suda aku erghh","Abord, lose the mood forget to start starting. I'm hungry",abord lose mood forget start starting im hungry
28/3/2023,Uput_,"abis sahur langsung gemeteran, kukira masih lapar, ternyata liat story ex lagi nongkrong berdua sama 'temen cewe', it's okai","After all, it was still hungry, it turned out to be the story of the story of the two of them, it's okay",still hungry turned story story two okay
28/3/2023,L,"Hi u..
Saya lapar..
Laparkan kasih sayang awak..
Come here, please....","Hi u ..
I'm hungry..
Hold your love ..
Come here, please ....",hi u im hungry hold love come please
28/3/2023,Tira,Tahan ngantuk time puasa ni memang lagi susah dari tahan lapar ya ?? dari tadi aku nguap ni takleh nak buat apa,Hold on to sleep this fast is harder than hungry? Since then I have to do this from what I want to do,hold sleep fast harder hungry since want
28/3/2023,Rose ??,@YusriShamsuddin @whyshiqa @neyrashazeyra Ni paling nak carut.. dah la lapar pastu cravibg da berbuka makan sesuap terus buang sebab lipatan dia macam nak ke neraka terus isi xde tapi tebal nak haram,@Yusrishhamsuddin @whyshiqa @neyrashazeyra is the most important .. he is hungry pasta cravibg and breaks the food and he is thrown away because his folds are like going to hell and the xde is thick but it is illegal to be illegal,important hungry pasta cravibg break food thrown away fold like going hell xde thick illegal illegal
28/3/2023,Asyraf Parutos,gila apa time time mcm ni lapar roti canai ?? nohhh luppp hang asyraf ??,What time is the time mcm this hungry bread canai ?? nohhh luppp hang asyraf ??,time time mcm hungry bread canai nohhh luppp hang asyraf
29/3/2023,tanpanama,"Puasa kali ini selain menahan lapar dan haus juga menahan gak chek out sebelum gajian, ahahah","Fasting this time besides holding back hunger and thirst also holding out the chek out before the paycheck, ahahah",fasting time besides holding back hunger thirst also holding chek paycheck ahahah
29/3/2023,intan farhana????,@warnabilla owhhh yg ni muka  lapar ?? https://t.co/rUNkSyFlHN,@warnabilla owhhh this is a hungry face ?? https://t.co/runksyflhn,owhhh hungry face
29/3/2023,L A N G K A S U K A,Hujan lebat mengiringi tangisanku yang semakin lapar ??,Heavy rains accompany my hungry cries ??,heavy rain accompany hungry cry
29/3/2023,zulhelmiejamaludin,"Malas nak argue yang meleret2 ni kalau terang2 QA tu da error??????..aku lapar ni, bila lapar jadi grumpy ??????","Too lazy to argue that this is a light qa tu da error ?????? .. i'm hungry, when hungry so grumpy ??????",lazy argue light qa tu da error im hungry hungry grumpy
29/3/2023,نيسا,"Penat sgt2. Selisih dgn murid sampai kena tanya, cikgu sakit perut ker? “Taklah, lapar ??”","Tired sgt2. Disappointed with students to ask, a stomach ache? ""No, hungry ??""",tired sgt disappointed student ask stomach ache hungry
29/3/2023,G,Wife bila aku tgh syok main game tapi dia lapar perhatian?? https://t.co/8AXsu2lCAY,Wife when I was shocked to play the game but he was hungry ?? https://t.co/8axsu2lcay,wife shocked play game hungry
29/3/2023,frznrdn.exe,@bckupacc99 Lapar tu.. belum bukak lg.. lepas pekena bandung cincau sejuk la tu..,@bckupacc99 hungry tu .. not open yet .. after the chilling bandung is cool ..,hungry tu open yet chilling bandung cool
30/3/2023,aqilah✨,"pastu kalau petang petang lapar , aku yg LA ni yg g tanya budak chamber “wawa u ada makanan tak” ??????????","Of course if the afternoon is hungry, I'm the one who asked the chamber boy ""wawa u have food no"" ??????????",course afternoon hungry im one asked chamber boy wawa u food
30/3/2023,Achu Kazar,@ferdenandzerz23 muka lapar..lubang hidung pon mengembang..,@ferdenandzerz23 hungry face..the nose of the pound is expanding ..,hungry facethe nose pound expanding
30/3/2023,eiyda,"Sahur makan roti or minum susu dengan kurma better la dari makan nasi ( bagi aku la). Tak mengantuk, tak lapar dan tak lemau badan.","I eat bread or drink milk with dates better than eating rice (for me). Sleepy, hungry and not bodybuilding.",eat bread drink milk date better eating rice sleepy hungry bodybuilding
30/3/2023,Eh! Ardly,Tahun ni puasa serius tak lapar or dahaga sangat mcm puasa sebelum2 ni.. walaupun perit terik panas kat luar tu lain maciam.. berbuka/sahur pun tak mampu nak makan banyak.. minum sikit pun dah kenyang,This year is a serious fast not hungry or thirsty very fasting before .. Even though the hot sore is hot outside it is another maciam .. Breaking/not even able to eat much .. Drink a little already full,year serious fast hungry thirsty fasting even though hot sore hot outside another maciam breakingnot even able eat much drink little already full
30/3/2023,nanadh,Baru pukul 11.30 tapi dah lapar ?? adoi la adik 3x awak susu since morning. Boleh tahan ke mak kau puasa sampai petang ni ??,It's only 11:30 but it's hungry ?? Adoi la sister 3x you milk since morning. Can you hold your mom fast until this evening ??,hungry adoi la sister x milk since morning hold mom fast evening
30/3/2023,MiniBite Delights HQ,"Genap seminggu berpuasa, 
Tak terasa lapar dan dahaga, 
Minggu ini Freeze-Time bersua, 
Paparkan Puan Yunee sebagai pelanggan setia!

Terima kasih Puan Yunee & anak2 kerana sudi berkunjung ke @minibitedelights_hq! Seronok membeli dgn anak-anak, insyaaAllah nanti datang lagi ya. https://t.co/emDCdZrQlI","Even a week of fasting,
Don't feel hungry and thirsty,
This week freeze-time,
Show Mrs. Yunee as a loyal customer!

Thank you Mrs. Yunee & the kids for visiting @minibitedelights_hq! It's fun to buy with kids, inshaAllah will come again. https://t.co/emdcdzrqli",even week fasting dont feel hungry thirsty week freezetime show mr yunee loyal customer thank mr yunee kid visiting fun buy kid inshaallah come
30/3/2023,Julio Fernando Sibarani,"Seketika Jiwa Kangen akan Kasur muncul ketika menahan lapar dan haus????

#JaiShreeRam #Supreme_Court_Of_Pakistan #swfc #Thabang #ThabangMazibuko #tiktokdown #คมชัดลึกอวอร์ด19xดูมันดิ #เขาแหลม https://t.co/Qqhh8ca45Y","Suddenly Kangen's soul will appear while holding back hunger and thirst ????

""",suddenly kangens soul appear holding back hunger thirst
31/3/2023,Fariszuan Azhar,"Maka sia sialah puasa kita selama sebulan.

Tiada yang kita dapat melainkan lapar dan dahaga semata mata.

Nauzubillah...","So we have a fast fast for a month.

There is nothing we can except hunger and thirst alone.

Nauzubillah ...",fast fast month nothing except hunger thirst alone nauzubillah
31/3/2023,Kakak TATEH,"5. Sebaiknya biarkan anak makan sendiri.

6. Pastikan anak makan ketika diorang lapar. https://t.co/BfzfR7P8pY","5. It is advisable to let your child eat.

6. Make sure the child eats when you are hungry. https://t.co/bfzfr7p8py",advisable let child eat make sure child eats hungry
31/3/2023,NFS,Lapar tp belum makan nasi . So its a must .,Hungry but not eating rice. So its a must.,hungry eating rice must
31/3/2023,??,@najaatiqah Weyh knp kite tk jiran sbb aku lapar skrg ??,@najaatiqah weyh knp see neighbors as I'm hungry now ??,weyh knp see neighbor im hungry
