Datetime,ID,Username,Text,Translated_Tweets,Location
2023-03-30 08:04:21+00:00,1641350639581282306,RaihanaRifah,"Masa pregnant Arfan, sebulan terus aku tak puasa. Masatu makan lambat sikit pun perut dah start mengeras. Masa belajar aku la org yg selalu ikat perut, selalu makan roti je, time pregnant, terus tak tahan kalau tak makan ğŸ˜‚","When I was pregnant, I didn't fast for a month. It is a slow meal even if the stomach is starting to harden. When I was studying I was always a stomach, always eating bread, time pregnant, I couldn't stand it if I didn't eat ğŸ˜‚","Johor Bahru, Johor"
2023-03-30 02:23:35+00:00,1641264882569056256,azeerarambli,2nd baju raya sampei yes dah boleh ikat perut sampe next gaji.,2nd shirts until yes can be tied stomach until the next paycheck.,"Kuching, Sarawak"
2023-03-29 18:33:26+00:00,1641146563220078616,AdamHaikal_98s,@ShopeeMY Cup. More convenient. Ikat tepi akan buat aku tersiksa kalau tgh drive tak tau nak letak mana. End up aku akan habiskan dulu before teruskan drive and perut aku kembung dgn air ğŸ¥¹,@Shopeemy cup. More convenient. The edge will make me tortured if the drive doesn't know where to put it. End up I'll finish it before keeping my drive and my stomach bloated with water ğŸ¥¹,"Malacca, Malaysia"
2023-03-29 01:52:29+00:00,1640894664642551809,PAB10I5,"@magmalaya As an ex-smoker. Bagi aku nikmat rokok nie nafsu je, cara nak ikat nafsu berpuasa. Percayalah, kalau perut kosong x de orang rasa merokok tu sedap. Tapi sekali lepas makan, kalah jin dia punya asap.","@magmalaya as an ex-smoker. For me to enjoy cigarettes nie lust, how to tie my appetite. Believe me, if your stomach is empty x de people feel that smoking is delicious. But once after eating, he lost Jin he had smoke.","Johore, Malaysia"
2023-03-28 23:37:55+00:00,1640860799836078081,anxsrauhl,"@hilmizul_ kahkah bulan pertama mana dapat gaji mat, ikat perut la apa lagi","@hilmizul_ Kahkah first month where can pay mat, belly what else",Malaysia
2023-03-28 19:23:58+00:00,1.6408E+18,Dekuuuu67,"@yoonkittyyy_ sabar jelag ikat perut jap , but habis tu ni tak sahur ke nanti","@yoonkittyyy_ Patient jeans jap, but it's all over","Perak, Malaysia"
2023-03-28 15:24:59+00:00,1640736749981949952,iyon_iYonn,"kalo kamu cewe, bisa kamu racunin itu bapak. minimal kasih obat pencuci perut atau obat tidur. kalo udah teler ikat dia terus telanjangi pas sadar baru di interogasi ancam potong titit. 

jijik banget kalo kudu nyamperin selingkuhan nya.","If you are a jerk, you can poison it. Minimal love of stomach detergent or sleep medicine. If he had been tied he continued to be naked in the new PAS's time in the interogulation of the Titit cut.

It is disgusting if it is a snack.","Bandung, Jawa Barat"
2023-03-28 15:16:01+00:00,1640734495614590985,raihanatrmn,"Sebelum ni yakin je declare lhdn, dpt balik semua pcb tu. This year dah kena bayar tax. Bkn sikitÂ² pulak tu kena byr. Ikat perut kejap la raya ni ğŸ¥²","Before this, I was sure to declare the IRB, back to all the PCB. This year you have to pay the tax. It's not worth it. Tie the stomach upset this is ğŸ¥²",Petaling Jaya
2023-03-28 15:01:58+00:00,1640730957333536769,kopikoedo,"Nak recollect balik past memory dah tak ingat dah exact situations yang buatkan aku jadi cam skrg ni tapi aku jenis sayu bila tengok makanan dibazirkan.

Nak kata pernah ikat perut tu pernah la. Nak kata kutip makanan orang lain pun pernah.","I want to recollect the memory paste and don't remember the exact sit -sites that made me a cam today but I kind of sweet when I saw the food wasted.

I want to say that ever. I want to say that someone else's food has been.",Malaysia
2023-03-28 02:06:25+00:00,1640535784230117376,msianinsight,"Peniaga terpaksa naikkan harga, rakyat berhati-hati belanja dan ikat perut https://t.co/kDDrTlWGva","Traders have to raise prices, people carefully spend and belly https://t.co/kddrtlwgva",Kuala Lumpur City
2023-03-27 23:53:38+00:00,1640502370751885312,ainaaaV,"Bulan ni kita ikat perut sikit, takde lah sikit pun kira banyak jugak ğŸ¤£. Mana nak beli baju raya, nak simpan duit untuk bagi anak buah. Bulan lepas punya plan pun tak jadi2 lagi.","This month we tie a little stomach, not even a lot about it ğŸ¤£. Where to buy a shirt, to save money for the men. Last month had a plan not yet.","Perak, Malaysia"
2023-03-26 17:17:56+00:00,1640040400995106818,nobodyfriens,"@mkini_bm Zahid kalo jadi PM, taktau la jadi apa lepas ni. Rakus dengan kuasa untuk menguatkan kedudukannya. Najib kalo terlepas, ikat perut la","@mkini_bm zahid if you become a pm, what is it so. Greedy with the power to strengthen its position. Najib if you miss it, the belly",Malaysia
2023-03-26 16:22:40+00:00,1640026492557201410,OpieyAzlan,â€œMesra alamâ€ pundek hangla nak buang perut ikan pun dalam plastic ikat kemas2,"""Eco -friendly"" Hangla Hangla wants to remove fish stomach in plastic ties2",
2023-03-26 14:06:15+00:00,1639992161763749888,alisa_m62222,"It's now or never
So jom ikat perut!!! https://t.co/rInA5mdrl0","IT'S NOW OR NEVER
So let's have a stomach !!! https://t.co/rina5mdrl0",Malaysia
2023-03-26 08:34:57+00:00,1639908786201825280,Yourboysito,"@AdamKhalidL @ubaidbmohsin @jaegar00 Isu sekarang if kau tak mampu jgn ada ramai anak, kalau kau mampu kau nk buat sampai 20 org pon no one cares. Bila tak mampu tapi nk jgk ramai anak pastu anak tu endup tak cukup makan la kena ikat perut bagai tu yg org taknak","@Adamkhalidl @ubaidbmohsin @jaegar00 Issues now if you can't afford many children, if you can afford up to 20 people no one cares. If you can't afford it but don't even have a lot of kids the endup not eat enough to eat it",Malaysia
2023-03-23 16:12:21+00:00,1638936731377618945,qhaalim,Yang meminjam makan mewah. Yang kasi pinjam ikat perut makan apa yang ada. Bagus!,Who borrowed a fancy meal. The one who lends the stomach to eat what is there. Good!,"Johore, Malaysia"
2023-03-19 14:57:31+00:00,1637468347444133891,amolnisrino,Ikat perut lah dah nak puasa ni ğŸ¥¹,Tie your stomach is already fasting ğŸ¥¹,KL || MANJUNG âš’
2023-03-19 10:29:03+00:00,1637400784307621889,HlmiHnfi,"Ye, lepas vacation baru menyesal ikat perut ğŸ˜‚","Ye, after the new vacation regrets the belly ğŸ˜‚","Perlis, Malaysia"
2023-03-13 15:48:48+00:00,1635306925582860293,Mohdfaiz13,@XavierNaxa Zaman tu kumpul duit sampai ikat perut nak beli iPhone 4 je ğŸ˜‰,@Xaviernaxa that time collected money until my stomach was going to buy an iPhone 4 je ğŸ˜‰,"Shah Alam, Selangor"
2023-03-11 15:30:03+00:00,1634577432362749954,CikShamsulPSRTM,Zaman Sekarang Dengan Harga Barang Naik dan Kos Sara Hidup Tinggi ... Ada Yang Kelaparan dan Ikat Perut ... Ini Realiti Bukan Fantasi.,Nowadays with high prices of goods and high cost of living ... some are starving and belly ... this is a reality is not fantasy.,"HULU KELANG,KL,MALAYSIA"
2023-03-04 07:16:27+00:00,1631916496657199104,pmnilamm,"@0rchidr Duduk KL kalau kau leh dpt income lebih 3.5K

Dia antara kau ikat perut or ikat kaki nak jalan2 mana2 ğŸ¤£ğŸ˜‚ğŸ˜‚","@0rchidr sitting KL if you can earn more than 3.5k

He is one of you to tie his stomach or to the foot of the road ğŸ¤£ğŸ˜‚ğŸ˜‚",
2023-03-04 05:29:45+00:00,1631889647017271296,aiamir_,"@AnyssRosicky Betoi sis. Sanggup ikat perut, curi curi bernafas sebab nak saving duit bayaq.","@Anyssrosicky betoi sis. Willing to tie stomach, steal breathing for saving money.",Ö†Ö…ÊÉ›Õ¡É¦É›Ê€É› Ö…Õ¼ÊŸÊ Õ¡É› Ó„Õ¼Ö…Õ¡
2023-03-03 14:26:42+00:00,1631662388742361088,nrdeanna,"Allahu, kenapa wujud manusia macam ni. Dia tahu tak kat luar tuh ramai ikat perut. Dia tak rasa beli beras sekilo untuk tahan 1 bulan.","Allahu, why is a human being like this. He knows that there is no outside of his stomach. He doesn't feel like buying a kilo rice for 1 month.","Kuala Lumpur, Wilayah Persekut"
2023-03-03 05:50:37+00:00,1631532509942153217,lewanjxhnski,"@FaktaBukanAuta sial lah, aku yg ikat perut ni makan maggie je kekadang. Dapat menu rahmah time waktu lunch kt tempat kerja pun dh bersyukur.","@Faktabukanauta damn it, i'm the stomach to eat maggie sometimes. Get the menu of lunch time at the workplace and be grateful.",Witchcraft School of Hogwarts
2023-03-01 13:41:35+00:00,1630926255800582146,tkyolily,"bulan ni kena ikat perut, miskin hina dah ni.","This month is a stomach ache, the poor is despicable.",Malaysia
2023-03-01 06:50:02+00:00,1630822686464303105,noorupawan,lepasni memang kena ada cash. kan tak pasal kena ikat perutğŸ˜ª,Then there is a cash. I don't know about stomach acheğŸ˜ª,"Johor Bahru, Johor"
2023-02-27 09:08:40+00:00,1630132801633910785,syedh4fez,"Hopefully esok gaji. Kalau tak, taktahu lah nak makan apa. Malam ni pun terpaksa ikat perut ğŸ˜­","Hopefully tomorrow pay. If not, what do you want to eat. Tonight has to be tied up ğŸ˜­","Petaling Jaya, Selangor"
2023-02-27 08:12:50+00:00,1630118748173787136,kholeed94,"Tadi sy ke JPJ BANGI nk renew lesen, service down. Pastu sy ke pos office, sekali x leh renew sb ade saman. Xleh bantu rakyat ke? Ekonomi tgh teruk nk makan pun ikat perut @anthonyloke","I went to JPJ Bangi to renew my license, service down. I have to go to the post office, once x leh renew sb ade suit. Xleh help the people? The economy is not bad at eating @anthonyloke stomach",Kuala Lumpur City
2023-02-27 07:52:02+00:00,1630113514332516352,noraaalee,"Duit belanja aku seminggu RM 50 je, kalau minggu tu aku kena balik beli tiket bas dah berapa je balance tinggal so minggu tu konfem aku ikat je perut tak makan. Sebab tu laa dulu kurus sangat tak macam sekarang hahaha ğŸ˜‚ğŸ˜‚","I spent a week for RM 50, if that week I had to go back to buy a bus ticket for a long time so that week I was in my stomach. That's why it used to be so skinny now hahaha ğŸ˜‚ğŸ˜‚","Malacca, Malaysia"
2023-02-26 11:37:07+00:00,1629807772408897542,aweiliwei,@ivor_xianz I know some uni students they really ikat perut on their daily meal to save money.,@ivor_xianz I know some uni students they really tie stomach on their daily meal to save money.,"Kuala Krai, Kelantan"
2023-02-23 08:07:17+00:00,1628667800901554177,macs_aswad,"Tak perlu rasa bersalah, just hormat Diroang and balas jasa baik. Tanggungjawab mak ayah, rasa Bersalah perlu Tapi Jangan sampai ikat perut separuh mati, Itu bodoh orang panggil. Buang la mindset Bila guna duit mak ayah Kita rasa useless. Lain la Kalau dah kerja","No need to feel guilty, just respect and respond to good service. The responsibility of the father, the guilt is necessary but do not get the stomach to die, it is a fool of the call. Throw away the mindset when we use our dad's money useless. Other than that when it comes to work",
2023-02-21 22:26:15+00:00,1628159191067295744,Paniculata16,"Smlm ak mkn kt utm
nasi + sayur1 + sayur2 = rm3.50
Air barli ais rm2.90
Klu nak lg jimat bole mnum air masak je

Ni ak bkn ikat perut ye, Still sdp n knyang gila

Mlm kdg2 aku xmkn, just oat 3 in 1

My point: masih bole dilaksanakan tanpa menggadaikan kesihatan diri","Smlm ak mkn kt utm
Rice + vegetables1 + vegetables2 = RM3.50
Ice barley water rm2.90
I need to save some cooking water

This is not a stomach ache, still sdp n knyang crazy

Mlm kdg2 aku xmkn, just oat 3 in 1

My Point: Still Bole is implemented without paying off personal health","Johor Bahru, Johor"
2023-02-21 15:05:17+00:00,1628048219572957186,MFirdausIqbal,Oh aku automatic ikat perut lah ya? Sebab makan nasi kuah tomyam dengan ayam goreng je dulu ğŸ˜­,Oh I automatically tie my stomach? Because you eat tomato sauce with fried chicken first ğŸ˜­,"Primorsk, Erangel"
2023-02-21 14:05:17+00:00,1628033120183410688,yosheema,"Bersyukur sangat sbb masa zaman I belajar for both diploma and degree, tak pernah sampai kena ikat perut bagai. I was comfortable.","Grateful for the time when I studied for both diploma and degree, I never had a stomach ache. I was comfortable.",Tragic Kingdom
2023-02-21 13:23:30+00:00,1628022603683332096,aimshah0509,Dalam otak fikir cepat lah kerja boleh ada duit banyak. Last2 sama juga ada gaji pun ikat perut juga. Begitu lah kehidupan rakyat marhaenn..,In the brain think quickly work can have a lot of money. Last2 is the same as a paycheck too. So is the life of the people of marhaenn ..,"Johor Bahru, Johor"
2023-02-21 11:40:52+00:00,1627996773158625285,ismadLonggaq,"Nasib baik dulu ada tok keramat, tapi sampai sekarang ikat perut tak makan sayurğŸ« ","Fortunately there were Tok Keramat, but to this day the stomach is not eating vegetablesğŸ« ",dalam peti ais
2023-02-20 16:07:33+00:00,1627701498145816578,livingchoker,@amnsykrrr The strokes je ğŸ¥² kau tau tk aku dah start mkn sumi ni ikat perut?? ğŸ¥¹,@amnsykrrr the strokes je ğŸ¥² Do you know I started to start sumi ni stomach ?? ğŸ¥¹,
2023-02-16 12:31:29+00:00,1626197574683361281,HamzahNazari,"Awak, ahli politik yang nampak sangat berebut kuasa masa orang lain tengah susah, awak yang membazir duit semasa kami ikat perut, rakyat tak semudah lupa macam dulu.
Lagi tepat katakami akan lupa, tapi nanti terbangkit jugak sebab kan sekarang ada internet?","You, a politician who seems to be overwhelming the power of others in the middle of the day, you waste money while we have stomachs, the people are not as easy as forgetting.
What's more is the frightened, but it will arise because now there is internet?",Malaysia
2023-02-14 12:31:41+00:00,1625472848663027713,BorneoBah,"Just do what you have to to my dear PM. Do this now rather then later. Ikat perut kah apa, we need to go through some bumps along the way.","Just do what you have to my dear pm. Do this now rather then later. What a stomach ache, we need to go through some bumps along the way.","North Borneo, Malaysia. Earth."
2023-02-14 01:59:45+00:00,1625313818791510016,aziznorzali_pg,"Fakta 1 - Kisah nabi miskin sampai berpuasa (ikat perut) memang betul. Tapi bukan seluruh kehidupan Nabi begitu kerana Nabi SAW 'ikat perut' tu cuma zaman awal hijrah sahaja.

Malah sebelum Nabi SAW diangkat menjadi Rasul sendiri beliau adalah jutawan.","Fact 1 - The story of the poor prophet to fast (stomach tie) is true. But it was not the whole life of the Prophet because the Prophet (saws) was just the early days of the pilgrimage.

Even before the Prophet (peace be upon him) he was appointed his own apostle he was a millionaire.",Malaysia
2023-02-14 01:59:45+00:00,1625313816157511681,aziznorzali_pg,"Menjadi kaya sering dikatakan tidak selari dengan dengan cara hidup Nabi. Fakta ini selalu disebut-sebutkan:

1. 'Nabi miskin sampai ikat perut'

2. ""Nabi ingatkan sahabat jangan terleka dengan dunia"".

Betul ke fakta ini? Baca thread ini sampai habis ğŸ§µ","Being rich is often said to be unmatched in the way of life of the Prophet. This fact is always mentioned:

1. 'Poor Prophet to a belly'

2. ""The Prophet reminds his companions not to be overwhelmed by the world"".

Right to this fact? Read this thread to the end ğŸ§µ",Malaysia
2023-02-06 13:30:12+00:00,1622588471796973569,AzraeeMamat,"@jungledweller1 @ArwahMaklampir Teringat masa PKP dulu ada student UM yg anak orang susah, ikat perut dan cuma dapat makan 2 hari sekali. Kerja sambilan takde, mak bapak pun susah. Teringat juga masa belajar dulu, takde duit sampai cari makan sample yg orang buat demo kat supermarket ğŸ˜“","@jungledweller1 @arwahmaklampir remembers when the CPP had a student who was a poor, stomach ache and only eating once every 2 days. The part -time work is gone, my dad is hard. Remembering the first time studying, no money to find a sample that people did a demo in the supermarket ğŸ˜“",
2023-02-03 03:27:12+00:00,1621349558289829890,ShafiqTRULLY,Dok bayaq itu ini sekali ada satu terlepas... Terus lari bajet... Jenuh ikat perut lagi sampai nak tunggu gaji... Adehhh...,This dock is one missed ... keep running the budget ... saturated with stomach up to wait for pay ... adehhh ...,PENANG
2023-02-02 20:02:38+00:00,1621237680750338048,n37salim,"Dua tahun pkp kena scam. Rakyat ikat perut sengsara, angkat bendera putih. Yidin @MuhyiddinYassin PPBM parti setahun jagung income ratusÂ² juta mana dpt. @SPRMMalaysia jgn tidur, rumah Yidin byk lg kalau tak caya tanya #anuarmusang 1 Malaysia kena kencing dek sedekah halal mrk.","Two years of CPP to scam. People tie stomachs, lift white flags. Yidin @muhyiddinyassin PPBM party one year corn income hundreds of millions. @Sprmmalaysia do not sleep, the house is not more than asking for #anuarmusang 1 malaysia to urinate their halal charity deck.",
2023-01-31 22:39:59+00:00,1620552500398141440,dirikuboneka,@AisyDahliaa Taknak celebrate ğŸ˜­. Nak simpan duit nak jalan. Kena ikat perut,@Aisydahliaa taknak celebrate ğŸ˜­. I want to save money. Got a stomach tie,"Muar, Johor"
2023-01-30 12:14:41+00:00,1620032753826955264,nik_hazry,@ajaibngengsot Takpe..beli mne yg ok..jgn lebih sgt kt kete smpi ikat perut nk byr kete...hahaha..lg cntik ada duit lebih utk enjoy2,@ajaibngengsot takpe..beli mne yang ok..jgn more sgt kt kete smpi stomach nk byr kete ... hahaha..lg cntik has more money to enjoy2,
2023-01-26 14:09:02+00:00,1618611976703447040,farahnaabilah,"Lepas kira2 baru tau komitmen bulanan 2k. Lepas tu ada org sruh beli rumah, pastu ambik medical takaful hibah? Ikat perut lah der mcm tu hahahaha. So nak kena fully cut dekat minyak kereta and makan, jimat bnyak lagi","After the new about 2k monthly commitment. After that anyone who bought a house, had a medical takaful grant? Tie the stomach and der mcm tu hahahaha. So I want to be fully cut near the car oil and eat, save it again",Malaysia
2023-01-23 15:31:33+00:00,1617545578464038913,smsyf_,Kau dtg dri family kaya kot tu kau boleh menyimpan. Aku pun masa study tak dpat nak menyimpan. Ikat perut jgak lah masa study. Bukannya mcm bekerja yg dpat duit setiap bulan. Soo kau kena faham lah partner kau tu maybe dia ada kepentingan lain masa dia study,You're in a family -rich family you can keep. I didn't even want to save time. Tie stomach is not the time of study. It's not like you work every month. Soo you have to understand that your partner maybe he has another interest when he studies,"Keluang, Johore"
2023-01-19 06:54:05+00:00,1615965803056365570,yeolahv,"Kalau dia hidup sorang pun sampai kena ikat perut, bahaya woo","If he lives even a stomach upset, it's dangerous to woo",Malaysia
2023-01-10 14:58:47+00:00,1612826291530764289,wantogey,"Setelah membayar segala komitmen, kena ikat perut sikit. Tapi saya bukan sejenis awal bulan enjoy, saving dulu. Ada lebih baru enjoy. Tak macam kawan kawan, awal bulan enjoy tak ingat dunia. Hujung bulan nasi bujang share dua orang ğŸ˜‚","After paying for all the commitments, you have a little belly. But I'm not the beginning of the beginning of the month, saving first. There are more new enjoyers. Not like a friend, the beginning of the month enjoys not remembering the world. The end of the month of Single Rice Share two people ğŸ˜‚",Penang
2023-01-09 11:56:09+00:00,1612417943081750530,hisyfx,Aku nie cukup2 makan je. Ada duit lebih sikit je nk simpan. Dpt bagi kat family sikit oke la. Aku ikat perut sikit pun Takpe. Nk settle mana patut je bukan Payah mana pun,I have enough to eat. There is a little more money to save. It can be a bit of a family. I knocked on my stomach a little. Nk settle which should be not any,KUL-JHR
2023-01-06 14:51:51+00:00,1611374993769902085,ujstephen,Dah kena belajar ikat perut balik lepas ni â˜ºï¸,You have to learn the stomach back then â˜ºï¸,"47130, MY"
2022-12-30 09:58:34+00:00,1608764472981848065,urfavcatsitter,Ada tak ehailing yg murah sikit selain grab. Koyak mat asyik ikat perut ni,There is no cheap ehailing other than grab. Korn Mat keeps this belly,subang
2022-12-27 18:10:23+00:00,1607801080246865920,_Fjayyy,Waktu budak2 dulu selalu lepak cc kt kajang deret kedai czip lee tu. Sanggup ikat perut nak lepak cc main ni ğŸ˜‚,When the kids used to be CC in the czip lee shop. Will be able to tie the stomach to hang out with this cc main ğŸ˜‚,"Kajang, Selangor"
2022-12-26 14:02:47+00:00,1607376381041872897,_alissyaibrhm,Tp cem biasalah mak kita asyik2 bandingkan kita dengan cousin2 yg lain mampu beli kereta cantik2. And kita pulak pakai kereta buruk2. Nak tengok anak dia ikat perut ke tiap bulan? ğŸ¥¹ğŸ¥¹ğŸ˜­,But it is not always our mom to compare us with other cousins â€‹â€‹can buy beautiful cars. And we're using bad cars. Want to see her son tie stomach every month? ğŸ¥¹ğŸ¥¹ğŸ˜­,Malaysia
2022-12-25 23:30:54+00:00,1607156962738982912,azfar_yusof,@StiltskinMan @chedetofficial Tun M suruh ikat perut terus.. ğŸ¤¡ https://t.co/42KqjXYTAV,@StiltSkinman @chedetofficial Tun M asks for a stomach upset .. ğŸ¤¡ https://t.co/42kqjxytav,kuala lumpur
2022-12-22 07:48:16+00:00,1605832580376322049,MalyaGhazali,"Zint is one of the best pls!!!!!!! Love Zint so much back then, sanggup ikat perut simpan duit belanja sbb nak beli kat 7e ğŸ˜‚","Zint is one of the best pls !!!!!!! Love zint so much back then, willing to tie the stomach to save money to buy it at 7e ğŸ˜‚",
2022-12-20 11:50:43+00:00,1605168818091102210,_alissyaibrhm,"Aku pon tak suka paw2 orang, if orang tu sendiri ikat perut nak makan. Dia nak bagi, bagilah. Taknak bagi sudah. Taknak paksa.","I don't like paw2 people, if people themselves tie my stomach to eat. He wants to share it. Don't want to. Don't be forced.",Malaysia
2022-12-18 08:00:04+00:00,1604385996312698882,latabayu,"Bukan PN takut..yg takutnya org BN. Kena ikat baru selesa demi perut sendiri, gadai prinsip. Btw dato' tak  pernah menang dlm semua PRU..ada rahsia x","Not afraid..you are afraid of BN. New ties are comfortable for your own stomach, mortgage principles. Btw dato 'never won in all the general election..it's a secret x","Melawati, KL"
2022-12-18 07:18:15+00:00,1604375472527507457,SayaAshaari,@AimanFndi Haha ikat perut  ğŸ˜†,@Aimanfndi haha â€‹â€‹belly ğŸ˜†,"Kuala Lumpur, Malaysia"
2022-12-18 04:53:13+00:00,1604338976562638850,farra_frank,Dah seminggu tak kerja. Ikat perut la dis month ya farah.,It's been a week since I've worked. Tie the stomach la dis month ya farah.,"Petaling, Selangor"
2022-12-16 19:12:29+00:00,1603830441831567360,nick_amirrul,"@lady_bugg11 Yela daripada terbiar cmtu baik penuhkan dgn program agama. Dah la baru renovate RM30j, sampai hati kau din pagoh bazir duit sebanyak tu ikut selera kau dikala rakyat tengah susah, ada yg xmakan, student ikat perut, zalim memang zalim. Kau jawab la dekat akhirat nanti","@lady_bugg11 yela from the idle cmtu is good to fill in religious programs. He has just renovated RM30j, until you have the heart of the money that is worth the taste of your people when the people are in the middle of the day, there are some, the student of the stomach, the cruelty is cruel. You answer near the hereafter","Kuala Terengganu, Terengganu"
2022-12-16 07:00:49+00:00,1603646309499826176,yeolahv,Awal-awal dah cari partner high maintenance tapi nak harapkan dia ikat perut dengan kau one day susah juga,Earlier to find a high maintenance partner but I want to expect her stomach with you one day too,Malaysia
2022-12-15 18:32:41+00:00,1603458038551416832,nick_amirrul,"@macanhitam @lady_bugg11 Setuju! Attack kaw2 biar sampai kena banned.

Giler RM100k. Rakyat kais pagi makan pagi ada tu sampai tak makan, student sampai ikat perut, dapat kat puak2 ni tabur RM100k mcm tabur dedak babi je","@macanhitam @lady_bugg11 Agree! Attacks to get banned.

Giler RM100k. The people of the morning breakfast are there until they eat, the student to the stomach, it is possible to sprinkle the rm100k mcm pork sprinkle","Kuala Terengganu, Terengganu"
2022-12-14 13:14:54+00:00,1603015676834512896,rizree87,"1 kali tengok macam menarik...
2 kali tengok terus terbeli.. offer puyer pasal.. Nice giler PLATE CRISTAL by NACHTMANN ini.. ğŸ˜ğŸ˜  Ikat perut lah mcm ini hahaha... ğŸ¤­ ğŸ¤­ https://t.co/eMQVk8RDk6","1 time look like interesting ...
2 times look at it .. Offer Puyer Article .. Nice Giler Plate Cristal by Nachtmann .. ğŸ˜ğŸ˜ Tie stomach mcm this hahaha ... ğŸ¤­ ğŸ¤­ https://t.co/emqvk8rdk6","Kuala Lumpur, Wilayah Persekut"
2022-12-14 06:09:16+00:00,1602908561092542464,hulianameseztor,Tengok orang renovate rumah rasa seronoknyaaaa ..iuolss kena ikat perut ahh gini,See people renovating the house feels fun ..,Malaysia
2022-12-13 09:55:41+00:00,1602603155573047296,Badmintonfans__,"Sanggup ikat perut nak beli ni. Macam manalah boleh percaya produk gini ğŸ¤£
Dah graduate dah pun. In the end, semua atas usaha sendiri. Xperlu ubat2 niğŸ™ƒ","Will be able to buy this stomach. How can you believe this product ğŸ¤£
It's been a graduate. In the end, all for your own efforts. Xperlu medicine niğŸ™ƒ",Malaysia
2022-12-12 08:47:01+00:00,1602223487220912128,kiddiepax,"If there's one thing you need to know about me, i can buy gold suddenly without reason. I can ikat perut, berkira on all the other things but for gold, i can suddenly just put aside some budget. Haha.","If there's one thing you need to know about me, I can buy gold suddenly without reason. I can tie my stomach, count on all the other things but for gold, I can suddenly just put aside some budget. Haha.",
2022-12-11 11:16:30+00:00,1601898717531246592,rizree87,@HlmiHnfi Yasszaa ikat perut dgn masakan katanya..,@Hlmihnfi yasszaa stomach with cooking he said ..,"Kuala Lumpur, Wilayah Persekut"
2022-12-09 13:10:59+00:00,1601202750075043844,YasiyaElle,"@imagishary Nasi goreng bajet: nasi putih, bawang &amp; garam sahaja. Tak lama nanti kena darah tinggi kalau menu nasi goreng Ahmad Maslan ni sebab nak ikat perut","@imagishary Budget Fried Rice: White Rice, Onion & amp; Salt only. Soon it will be high blood pressure if Ahmad Maslan's fried rice menu is because you want to tie it up",Malaysia
2022-12-09 06:25:12+00:00,1601100632941002752,Nurinayo,"Someone: nurin ni concert dia ada duit makan pun dia ada duit. Dia stabil. Mana dia dpt duit pun tak tahu.

NYAHHHHHH AKU PUN IKAT PERUT KUMPUL ğŸ¤¡","Someone: Nurin this concert he even has the money he has money. She's stable. No matter how much money he doesn't know.

Nyahhhhhh I also have a stomach ache ğŸ¤¡","Kuala Lumpur, Wilayah Persekut"
2022-12-08 09:15:15+00:00,1600781038183411712,mailmokhtar,"G mampus laa org nak ckp apa pon, org xtahu apa aku hadap. Elehh nak promote palapes la tu, tapi klau benda tu bole bagi kau duit kau xkena ikat perut why not kau join? Kurang2 xpyah nak tweet mention kau kena ikat perut mat.","I don't want to know what to do, what I have to do. You want to promote the palapes, but the thing is for you to make your money on the stomach why you don't join? Less xpyah wants to tweet you to have Mat's stomach.",Malaysia
2022-12-07 05:41:14+00:00,1600364790584860674,miuju,@jimachia Ikat perut pon belum tentu boleh beli hahahha ğŸ˜­,@jimachia belly pounds can not buy hahahha ğŸ˜­,
2022-12-06 08:56:05+00:00,1600051442169135104,EhhhFaraa,Loan rumah naik lagi dalam masa xsampai sebulan. Kene ikat perut la ni,The house loan goes up again within a month. Here is the belly of this,á—©á—°á‘­á—©á‘G
2022-12-06 04:31:55+00:00,1599984958990610433,beryls_,"Lepas settle balik Kelate nanti, dah boleh start ikat perut ğŸ‘ğŸ¼ Tak boleh nak makan sedap as always, wayang semua no no okieshhhhhh...","After settling back on the kelate, you can start stomach ties ğŸ‘ğŸ¼ Can't eat tasty as always, movie all no okieshhhhhh ...",Kuala Lumpur Federal Territory
2022-12-04 15:10:20+00:00,1599420846334185473,hvymin,"Jarang la makan sedap , kami banyak ikat perut ğŸ˜‚ sekali sekala @vnnbow_ . Tpi nais ah mkn sini . Hrga pun nais gak ğŸ¤£ https://t.co/ebeZUMBFIi","Rarely do we eat tasty, we have a lot of stomach ties ğŸ˜‚ once in a while @vnnbow_. But it's not here. Hrga is not ğŸ¤£ https://t.co/ezumbfii","Kota Kinabalu, Sabah"
2022-12-03 00:30:24+00:00,1598837015654825984,purpinkledays,Tak pernah susah masa belajar ade byk kemudahan mak ayah sediakan..tak pernah rasa ikat perut..moga ALLAH kurniakan syurga tanpa hisab utk mak ayah yg bkorban utk keselesaan ank ank..moga ALLAH beri kesempatan yg lebih lama utk mbalas budi kedua2 nya aminn yraâ¤ï¸,Never having a hard time studying with the convenience of my father's preparation ... never feeling a stomach ... may Allah give him a paradise without hisab for a father who sacrificed for the comfort of ank ... yraâ¤ï¸,"rivervale,perth wa"
2022-12-02 07:58:15+00:00,1598587336237121537,yudaareni,@jules12anne Paling ingat terpaksa ikat perut makan nasi dengan kuah jak sebab duit habis beli barang main ğŸ¥²,@Jules12anne most remembers having to tie stomachs to eat rice with sauce because money is running out of money ğŸ¥²,Putrajaya
2022-12-01 10:30:22+00:00,1598263226738671616,ayunisalman,"Masa kami tengah tak cukup, makan pun nak bercatu kena ikat perut, takde pun tanya khabar kami macam mana. Anak kami cukup makan ke tak. 
Time kami dah senang, bukan main lagi call â€œtak call aku pun sekarangâ€. Tak pun, main order itu ini kat laki aku. Ehhhhhhhhhh","In the middle of the day we were not enough, even eating to get a stomach ache, no matter how much we heard. Our son is enough to eat.
Our time is easy, it's not a call to call ""Don't call me now"". No, playing this order is my man. Ehhhhhhhhhhhhh","Johor Bahru, Johor"
2022-12-01 04:38:45+00:00,1598174739331428352,annarosemy,Kena ikat perut kejap ğŸ˜ª,Stomach ties ğŸ˜ª,Kenya
2022-11-30 08:43:42+00:00,1597873997525716993,TheyCallmeMsAnn,@intanraihan Tulah xde istilah lapar klo engineer kena ikat perut. Belom lagi kena ada kenderaan sendiri. Lol,@intanraihan plague xde The term hungry engineer has a stomach ache. Not to have your own vehicle. Lol,"Sarawak, Malaysia"
2022-11-29 09:52:50+00:00,1597529007754706944,minsjyg,"Kadang tu makan tu bukannya murah tu. Anak2 dia pun ada taste dia, pilih ikut sedap tekak dia. Mmg pricey la.

Tapi bab2 bangtan ni mmg guna duit aku sendiri, except masa awal2 stan bangtan dulu sanggup ikat perut guna elaun abah bagi utk beli album ğŸ¥²ğŸ¥²ğŸ« ","Sometimes eating is not cheap. Her kids have her taste, choose her throat. Mmg pricey la.

But these things have been used for my own money, except the early stans of Bangtan used to be able to tie the harness allowance to buy the album ğŸ¥²ğŸ¥²ğŸ« ",ê¹€ì„ì§„ì˜ í•˜íŠ¸
2022-11-29 01:43:30+00:00,1597405860489486336,mosyukiborhan,Selamat pagi. Gaji lagi 2 hari. Bayaran kerja seni masih ditahan DBP. Kita ikat perut hari ini.,Good morning. Pay 2 days. Art work payments are still detained by DBP. Let's tie it up today.,KL / Tangkak / Solo
2022-11-27 09:16:46+00:00,1596795156195598336,uuucop,Nak beli jersey worldcup ni kene ikat perut lah jawabnya ğŸ˜­,Want to buy this Worldcup jersey here to tie it up ğŸ˜­,Malaysia
2022-11-22 15:17:50+00:00,1595074078519726080,muharanauri,Pulihkan segera ekonomi negara. Ramai orang yang ikat perut dan tak lena tidur memikirkan kesempitan hidup yang makin menjerut.,Restore the country's economy immediately. Many people who are stomach and sleepy are sleeping in the face of loneliness.,"Irbid,Jordan"
2022-11-22 01:01:43+00:00,1594858629827645441,Mr_fuadrazak,"Lahhhh, skrg ada pulak tuduh filem sejarah mcm Mat Kilau tu filem racist. Aneh-2 lah pemikiran rakyat Malaysia. Yg up pasal 13Mei pun sama juga tak betul. Nak gaduh-2 sesama sendiri gara-2 politaik buat apa? Diorg kat atas makan kenyang, kita rakyat terpaksa ikat perut..","Lahhhh, there is now a history of Mcm Mat Kilau's history movie. Strange-2 is the thinking of Malaysians. Even about 13mei is not the same. What do you want to do with your own 2. Diorg on the full meal, we people have to tie their stomachs ..",Malaysian
2022-11-20 07:28:32+00:00,1594231202277249025,xammaranuarx,@namasayahassan Haha dulu sanggup ikat perut p sekolah kumpul duit belanja semata nak beli natang ni,@namasayahassan,
2022-11-17 12:18:13+00:00,1593216941065646080,ameeeeen97,Da keje pon still kene ikat perut..hmmm,Da keme pounds still here stomach..hmmm,
2022-11-16 11:37:24+00:00,1592844277461417990,cikmiya91,"Dah boleh mula ikat perut ye emyra, n turn on grab hari hari kalau larat. Usaha okkay duit xkn datang bergolek sbb duit xde kaki. âœ¨ğŸ¤²","You can start tying your stomach, n turn on grab the day if it's late. The effort okkay money is coming to roll for the money xde feet. âœ¨ğŸ¤²",kuala lumpur
2022-11-16 02:08:18+00:00,1592701061357506560,naf154,"Untuk parti mewah.. tapi masa memerintah, rakyat di suruh ikat perut bantuan di kurangkan bagai..","For the luxury party .. but in the rule of the day, the people are told to have a stomach ache in reduced.","Kuala Lumpur, Malaysia"
2022-11-14 00:15:35+00:00,1591947919153938432,wanazlianaadnan,Realiti RAMAI WANITA &amp; KANAK-KANAK TERPAKSA IKAT PERUT kerana menunggu kes tuntutan nafkah di Mahkamah berbulan bertahun tak selesai. Harus beri jalan fast track untuk pastikan AYAH membayar nafkah anak dan isteri.,The reality of many women & amp; Children have to tie their stomachs waiting for a living claim in court for months. Must give a fast track way to make sure you pay for the child and wife.,Malaysia
2022-11-13 16:31:25+00:00,1591831109507362817,amzardatempoyak,"Bilalah nak kaya? Penat la asyik kena ikat perut, kalau menyimpan takpe jugak ni acc negative sokmo ğŸ¥²","When are you rich? Tired of being able to get stomach tie, if you keep this accompany national accan ğŸ¥²",
2022-11-13 03:04:55+00:00,1591628144947396609,sengatrans,@norol233 @twtmalaywedding mewah mak bapak lain dgn rumah tangga..mak bapak semua dah ada..rumah sendiri kena setup..ikat perut sendiri..tu kdgÂ² ada yg ambik kesempatan..,@norol233 @twtmalaywedding Luxury dad's dad in a house..It's all there is a house ...,
2022-11-12 16:12:38+00:00,1591463991863541761,kak_ngah82,"@CT_Voter @watieysoong @AwangNgahx Tu la kesian..Ada yg pkai duit kwsp, ada yg ikat perut waktu lunch nk kumpul duit dtg dr jauh book flight hotel lagiâ€¦sedih sgat..","@Ct_voter @watieieysoong @awangngahx tu la pity..it's money, some stomach lunch time to collect money from far book flight hotel againâ€¦ sad sgat ..",Malaysia
2022-11-12 11:21:18+00:00,1591390674318163969,morasaki12,"- Rakyat disuruh ikat perut dan jangan harap wang percuma.
- kalah 5 PRK berturut-turut kepada BN.

Lepas itu, kerajaan @pakatanharapan_ tumbang dengan sendirinya. 

Sendiri tengok ya?
Jangan buat-buat dah lupa.","- People are told to tie up their stomachs and don't expect free money.
- Lose 5 consecutive elections to BN.

Later, the @pakatanharapan_ government collapsed by itself.

See you yourself?
Don't forget to forget.","Johore, Malaysia"
2022-11-11 16:39:32+00:00,1591108376423182337,pikashimiyuki,"Ikat perut la bulan ni, no enjoy2 jalan2 for tis month ğŸ«¢ğŸ«  https://t.co/3aOyFuHoh4","Tie stomach this month, no enjoy2 road2 for tis month ğŸ«¢ğŸ«  https://t.co/3aoyfuhoh4",
2022-11-10 03:48:58+00:00,1590552068095619075,mohd_famy,@janji_bahagia @KitaPalaBataih @SukmawatiIsmail @lady_bugg11 Kalau tun babai la...semua kena ikat perut ...,@janji_bahagia @kitapalabataih @sukmawatiismail @lady_bugg11 If Tun Babai la ... Everything has to be stomach ...,Penang
2022-11-09 17:16:08+00:00,1590392807415754753,iKinnnS,"Manfaatkan elaun makan sehari rm10. Kalau boleh kurang dari rm10 belanja lagi bagus. Tapi tulah, beria ikat perut. Hujung minggu habis main badminton lepak mamak, paling mahal mekdi. Haha ğŸ¥¹","Take advantage of RM10 daily meal allowance. If possible less than RM10 is good. But the plague, the stomach ties. Weekends are running out of badminton mamak, most expensive. Haha ğŸ¥¹",Someone leg
2022-11-09 10:50:06+00:00,1590295659722469377,wanxpxsxg,rasa spoil ikat perut,Spoiled stomach spoils,sungai petani
2022-11-09 09:58:40+00:00,1590282716339392514,ns_mimy,Wearing pants thats tight in the tummy suppresses my appetite better than any food alternatives. â€œIkat perutâ€ is really living up to its name.,"Wearing pants thats tight in the tummy suppresses my appetite better than any food alternatives. The ""stomach ache"" is really living up to its name.","Leeds, England"
2022-11-09 05:06:47+00:00,1590209264207167490,SyarulAdam,"Semalam kat JB @anwaribrahim cakap lagi
Partiii iniii parti deritaaaa..
Tidak ada berbilliyun-billiyunnn

Yall laaa..aku dengar da 20tahun.
Basahh kepalaaa weii

Parti dia yang beriye kempen.siap ada maskot.Billboard merata. Rakyat dapat 30ringgekk.Kena ikat perut.
Cipett la.","Yesterday at JB @anwaribrahim talked again
Partiii niiiii party deritaaaa ..
There is no berilliyun-billiyunnn

Yall laaa..I heard it for 20 years.
Wet heads

The party is the campaign. The people get 30ringkk.
Cipett la.",Johor bahru
2022-11-07 07:27:16+00:00,1589519841035423745,Dea12191655,"@RashidahAbdull8 @SyedSaddiq Pilihan ditangan sendiri. Tak ada paksaankan? Kalau rasa perlu, ambil. kalau x perlu, blh je remain situ. TU UNTUK YG PUNYA PILIHAN. tp yg mmg nak mkn pun ikat perut, KWSP mungkin sumber paling penting untuk dorang. X mkn hari ni, idup lg ke kita utk amik duit persaraan esk2? ğŸ¤£","@Rashidahabdull8 @syedsaddiq Options in your own hand. No coercion? If you feel necessary, take it. If x is necessary, please keep it. It's for the choice. But those who want to even have a belly, the EPF is probably the most important source for the dude. X mkn today, do we have to spend money on retirement money? ğŸ¤£",
2022-11-07 07:14:19+00:00,1589516580605812736,AzwanAlii,"@zainihussain454 Betul awak. Sama juga dengan zaman skrg, tak logik RM8 untuk makan sehari. Kesian kt budak2 tu nanti kena ikat perut makan siang atau malam ğŸ¥º","@ZainiHussain454 You're right. Similar to the day, it is not logical for RM8 to eat a day. Poor the kids will have to stomach a day or night ğŸ¥º",Pokemon Centre
2022-11-04 01:51:17+00:00,1588348123944210434,_Yummy1,maaf lepas ni mungkin saya tak dpt nk tolong dh. Saya pun bukan gaji besar hidup mewah. kadang2 ikat perut juga. asalkn ada saving utk emergency. Saya mohon lepas ni jgn cari saya.,I'm sorry I couldn't help me. I'm not a big paycheck to live a luxury. Sometimes the stomach is also. There is no saving for emergency. I begged for me to find me.,Ampang
2022-11-03 14:56:37+00:00,1588183372379361280,Zaki_Yamani_,"@f4kr0ls00d Sesetengah lain, PRU ni bulan ikat perut, abaikan keinginan.

Semua nya duit.","@f4kr0ls00d Some others, the election is a stomach ache, ignore the desire.

It's all money.",
2022-10-30 07:28:12+00:00,1586620972022394880,edenweill,"""saya senang selepas isi minyak rm5""
""selepas isi minyak yang diberi oleh parti be end saya tak ikat perut lagi""","""I'm happy after the RM5"" oil contains
""After the content of the oil given by the Be End party I have no stomach anymore""",Malaysia
2022-10-30 03:45:33+00:00,1586564939288031233,yeolahv,@aswaliaaa I tahu benda ni sebab pernah baca banyak article on it. They all FOMO sampai tahap menipu &amp; sanggup ikat perut for designer stuffs. Sedih gak,@aswaliaaa I know this because I have read many articles on it. They all fomo to the level of cheating & amp; Able to belly for designer stuffs. Sad,Malaysia
2022-10-29 02:10:00+00:00,1586178508698812416,morasaki12,ğŸ“Œ Rakyat dan Penjawat Awam perlu ikat perut untuk bantu kerajaan ( MP Langkawi Tun M ) https://t.co/81beywOx9e,ğŸ“Œ People and civil servants need to belly to help the government (MP Langkawi Tun M) https://t.co/81beywox9e,"Johore, Malaysia"
2022-10-26 10:06:16+00:00,1585211201256292353,Amirulfaix,"Belanjakan je apa nak beli tapi ukur baju badan sendiri. Nak simpan boleh tapi jangan smpai ikat perut. Yang penting utamakan ibu bapa, adik beradik.
Klau ada pasangan sah, utamakan depa dulu","Spend what to buy but measure your own clothes. I want to save it but do not know the belly. The important thing is that parents, siblings.
If there is a legitimate partner, take it first",
2022-10-22 07:20:14+00:00,1583719864837238784,ibuumardanlilo,@NBLHAS Azab nya weh patut adik aku duduk sana mkn sehari sekali je. Laki pun kena ikat perut. Dia duduk area majidee. Aku tak boleh mikir kalau laki aku accept offer masa kt johor dulu. Intan kata anak dia nk tadika yuran tahunan pun dkt 4k. Nangis,@Nblhas his torment should be my sister sitting there once a day. Men have to be stomach up. He was sitting in the Majidee area. I can't think that my man accepts offer time in Johor first. Diamond says his son is a yearly fee in 4k. Cry,Kuala Lumpur
2022-10-21 10:38:01+00:00,1583407251930640390,BENucche,"@RashidYusoff11 @anwaribrahim Eh, lebih baik padia hang ni? Aset duk juai sana juai sini, bagi 30ringek, suruh ikat perut, PTPTN x hapus, Tol x hapus..AES tambah lagi ada lah..yg mana 1 ni hang habaq lebih baik? Takut kami terlepas pandang ğŸ™„ğŸ™ğŸ»","@Rashidyusoff11 @anwaribrahim eh, better padia hang ni? Assets duk juai there, for 30Ringek, order stomach, ptptn x remove, toll x remove..aes add more..yg which 1 is the heatq better? Fear we missed ğŸ™„ğŸ™ğŸ»",Kuala Lumpur
2022-10-18 10:43:55+00:00,1582321571712335872,ruzainiraub,Awalnyeee gaji bulan ni. Ikat perut nak tahan sampai bulan depanğŸ¥¹,This month's paycheck. Stomach ties to hold until next monthğŸ¥¹,Shah Alam
2022-10-16 11:54:10+00:00,1581614476444303360,neyrashazeyra,"This is the reason why I want a dryer. Dekat Dobi, machine dryer pun jem semua overwork dah musim hujan. 

That's it! I'm gonna buy washer &amp; dryer. Biar lah ikat perut pun.","This is the reason why I want a dryer. Near the laundry, the machine dryer is all overwork the rainy season.

That's it! I'm Gonna Buy Washer & amp; Dryer. Let it be a stomach ache.",Malaysia
2022-10-16 05:31:33+00:00,1581518188080091137,peanutbahrin95,Hati aku dah mati nak ambil tahu pasal keluarga. Buat kita ni tiada apa2. Padahal balik kampung tiap bulan. Nak salahkan kita. Semua hasil gaji aku ikat perut aku sanggup beli apa yang patut. Bila begini update status Whatsapp story ibarat kita anak abaikan keluarga. Takpe lah.,My heart is dead to find out about family. For us we have nothing. But back to the village every month. Want to blame us. All my salaries are tied up my stomach can buy what is right. This is how update the status of whatsapp story is like we are ignoring the family. Never mine.,"Fictionland, Cybernation"
2022-10-14 15:54:56+00:00,1580950288563048448,_aainanajwa,but later mun da duit rezeki lebih boleh kinek ikat perut,but later mun da money money can be more stomach ache,"Kuching, Sarawak"
2022-10-14 08:39:08+00:00,1580840618162806784,effie_mohamad,@Famy_Efrain Hahahahaha ikat perut sbb nak mewah katanya hahahahah,@Famy_efrain hahahahaha stomach ache as luxury says hahahahah,"Kuala Lumpur Federal Territory, Malaysia"
2022-10-10 15:01:23+00:00,1579487263742119936,Feekry4u,"@f4kr0ls00d Suh Rakyat ikat perut, dalam masa sama depa belanja sakan anak pinak sanak saudara......
ğŸ¤¬ğŸ¤¬ğŸ¤¬ğŸ¤¬","@f4kr0ls00d suh people tie stomach, at the same time shopping for your relatives ......
ğŸ¤¬ğŸ¤¬ğŸ¤¬ğŸ¤¬",Sitiawan/KL
2022-10-10 11:56:54+00:00,1579440833795084289,safwanmajid,alamak kena ikat perut la saya beberapa minggu ni elaun lantikan politik saya da bubar- mmber saya pegawai khas menteri dolu2,I have to get my stomach a few weeks since my political appointment allowance and my Special Officer Dolu2 Special Officer,"Ä°stanbul, TÃ¼rkiye"
2022-10-05 13:59:13+00:00,1577659679710191617,xatullee,Apak diaaa knpa semua benda nk bulan nii pokaii siotttt bulan nii aaahhhh tp lantakkk laa kann kita ikat perut je lah lepas ni ğŸ˜«ğŸ˜«,What do you think about all the things this month is not a month ago when we are not going to have a stomach later ğŸ˜«ğŸ˜«,"Muo â†’ Klang Valley, MY"
2022-10-05 06:12:12+00:00,1577542151030050817,equeen_esmae,"Dengki nak mampos . Asal tengok orang lawa je kau cakap cucuk . Kalau ye pon, biar lah, dia berduit . Kau takda duit, kau diam jela . TahÂ² dia struggle diet ikat perut sebab nak kurus . Sedap kau je cakap orang . Pi kikis muka kau dengan kertas pasir tu dulu nonok","Envy to die. Originally seeing people when you say a prick. If you pound, let's go, he's money. You don't have the money, you keep quiet. So he struggles his stomach diet because he wants to be thin. You're good at talking to people. Pi Kikis your face with sandpaper","Kuala Terengganu, Terengganu"
2022-10-04 03:19:48+00:00,1577136378051457032,safwanashadi,"Kalau orang tahu orang takkan cakap macam tu â˜ºï¸ 

Ikat perut demi kebahagiaan orang.","If people know that people wouldn't talk like that â˜ºï¸

Tie stomach for people's happiness.","Kedah, Malaysia"
2022-10-03 08:40:00+00:00,1576854567244877825,equeen_esmae,Ada lagi bucket list aku yang belum dapat . Tolong lah nakkk . Ikat perut sis . Cuz money returns . Time not sis . Demi YOLO ğŸ¤£ğŸ˜† but i live twice .,There's another bucket list I haven't got yet. Please please. Tie your stomach. Cuz money returns. Time not sis. For yolo ğŸ¤£ğŸ˜† but i live twice.,"Kuala Terengganu, Terengganu"
2022-10-03 07:08:00+00:00,1576831417912545280,sherina_kamal,"Tip elak ikat perut setiap bulan ğŸ‘ğŸ½

https://t.co/P0aIfZ6HgP https://t.co/CReIQeXkuZ","TIPS AVAILABLE MONTHLY ğŸ‘ğŸ½

https://t.co/p0aifz6hgp https://t.co/creiqexkuz","Selangor, Malaysia"
2022-10-03 00:41:12+00:00,1576734076085882880,Amninabilahx,1 week left before I need to go back to campus. so kena makan banyak2 nanti kat sana dah kena ikat perut,1 week left before I need to go back to campus. So you have to eat a lot later there and have a stomach ache,22
2022-09-29 12:59:52+00:00,1575470413353996289,Aida_kim,"Walaupon ade family belah abah, tapi kami x rasa dorg ada. Sebab xpernah datang jenguk walaupon hanyalah sejengkal. Mama selalu pesan kita usaha sendiri jgn nk harapkn org. So mmg kami 3 beradik( sblm adm lahir) dh terbiasa susah, ikat perut apa semua","Although it is a family of harness, but we think dorg is there. Because xpernah came to visit even though it was just a moment. Mom always ordered us our own efforts not to expect people. So we have 3 siblings (before being born) and they are used to it,",
2022-09-24 08:59:10+00:00,1573597901695385600,Thiban_ben,"Ekonomi tenat, nilai ringgit jatuh, krisis ekonomi bakal melanda, duit pampasan untuk mangsa banjir lepas pun belum selesai lagi kini rakyat terpaksa ikat perut untuk menghadapi monsun. PM @IsmailSabri60 Relax je bawah Pemimpin UMNO lawatan sambil belajarğŸ¤— Hidup Penyu!","Economic Economy, Value The Ringgit Falls, Economic Crisis will hit, compensation for the flood victims has not been resolved now that the people have to stomach upset to face the monsoon. Pm @ismailsabri60 relax under UMNO leaders Visit while studying turtle life!",Bestari Jaya (Batang Berjuntai
2022-09-16 19:55:17+00:00,1570863915680272385,alinanishaq_94,"Mak: kt kg ni makan la banyak2 @ puas2. Nanti dh balik sana (ipoh) ikat perut je.

Me: ğŸ¥²bkn trpksa ikat perut mak, tp tu laaa. Mlm mana nk makan sgt sbb nk tido jeğŸ™ƒ","Mak: Kt kg eats a lot @ satisfied. I'll be back there (Ipoh).

Me: Where to eat as much as they can","Perak, Malaysia"
2022-09-14 06:36:21+00:00,1569938081180192769,faizshukur94,"Nak suggest korang kereta below RM500, selalu aku mesti bg tahu customer nak beli kereta ikot kemampuan jangan ikat perut semata bayar hutang . Harga untuk Perodua Axia Gxtra

New Axia 1.0AT Gxtra
Otr price- *RM36,104.55*
7 years- RM475
9 years- RM390
ğ‘­ğ’–ğ’ğ’ ğ’ğ’ğ’‚ğ’- ğ‘¹ğ‘´434 https://t.co/ftndeeLCo0","To suggest a car below RM500, I always have to know that the customer wants to buy a car with the ability not to pay for the debt. Price for Perodua Axia Gxtra

NEW AXIA 1.0AT GXTRA
OTR PRICE- *RM36,104.55 *
7 years- RM475
9 Years- RM390
ğ‘­ğ’–ğ’ğ’ ğ’ğ’ğ’‚ğ’- ğ‘¹ğ‘´434 https://t.co/ftndeelco0",Kuala Lumpur Federal Territory
2022-09-12 14:51:05+00:00,1569337811119243264,bukanEXawak,"@brgsjks kalau mcm member aku dulu kawen awal gak, umur 20 preggy masuk kitchen, grad dgn suami. sblm kawen dia dpt duit mara langsung tak belanja byk pun betul2 ikat perut. so dpt lah dia kawen dgn duit mara laki bini kumpul. utk belanja study dpt, kawen pun dpt.","@Brgsjks if my member used to get married early, age 20 preggy goes to kitchen, grad with husband. Before marrying he could make money, he didn't even spend too much on his stomach. So he could get married to the money for a collection. For study shopping, get married.",
2022-09-12 03:11:58+00:00,1569161872804552705,equeen_esmae,Tapi memang betul lah . Aku kira punya kira pon dah 20k hanat . Setahun aku simpan 10k . Kerja makan gaji . Memang aku ikat perut kawÂ² punya . Walaupun belum ada calon lagi . Tapi simpan jela ğŸ˜…,"But that's right. I think I have 20k pounds. One year I save 10k. Work on eating salaries. Indeed, I tie my stomach. Although there are no candidates yet. But keep it ğŸ˜…","Kuala Terengganu, Terengganu"
2022-09-11 02:30:24+00:00,1568789022465748993,nizxmshxms,"Teringat la youâ€¦ 

Masa form 4â€¦ 
Kau la terpaling ikat perut untuk beli CD Album. 

And CD Itu adalahhh â€¦ 
Laskar Cinta. 

Ahhh love!","Remember you ...

Form 4 timeâ€¦
You turned the belly to buy a CD album.

And that CD is ...
Laskar love.

Ahhh love!",Kuala Lumpur Federal Territory
2022-09-09 05:16:12+00:00,1568105972337623040,AkeySuhaimi,@ainuraffni Sama lah klong pon. Klong xnk fikir lg. Nnti tgklah tua nnti kua duit kwsp tu bru beli rumah. For now kaklong nak enjoy dlu malas ikat perut.,@ainuraffni is the same. Klong xnk thinks more. Not to mention the money to buy the EPF money to buy a house. For now kaklong want to enjoy lazy stomach.,Bandar Tasik Selatan
2022-09-07 09:01:18+00:00,1567437846948216832,_aisar99,Ikat perut la bulan ni,Tie this month's stomach,"Liverpool, England"
2022-09-06 03:47:32+00:00,1566996497211990018,musangbatu,@dyanna2909 Tu ar. Ikat perut,@dyanna2909 tu ar. Belly belt,"Petaling Jaya, Malaysia"
2022-09-02 12:08:33+00:00,1565673030470160384,Syamsul55510244,@Haris67975397 Orang Arab YAMAN ini didikan soeharto apa SBY ya ..???  sebab antara apa yg di KATA kan dengan yg dia BUAT kaga ada NYAMBUNG nya sama sekali ..ğŸ˜¡  kencangkan ikat pinggang (padahal perut dia BESAR) dan katakan tidak pada korupsi (padahal KORUPSI dan MANGKRAK) ada pd dirinya ..ğŸ˜›,@Haris67975397 Yemen's Arabs This is soeharto's education what is it .. ??? Because of what he says and what he made Kaga connect with him at all ..,
2022-09-02 11:51:38+00:00,1565668770764697600,Vandeeta3,"@stationsj070 Yeap it's true bro..easy money but when win PRU janji dicapatikan, rakyat ikat perut #30Hinggit","@stationsj070 yeap it's true bro..easy money but when win pru promise to be held, people ties #30hinggit","Semenyih, Selangor"
2022-09-02 03:26:15+00:00,1565541587173900288,moshie_mosh,"Aku tak payah nk ikat perut macam dulu. Adam tiap kali keluar dgn ayah, minta je dapat. ğŸ˜‚Tapi tak Best kene pjj je la. ğŸ˜‚ğŸ˜‚

Tu sbb aku cakap, ujian lain-lain. ğŸ˜—","I don't have to worry about my stomach. Adam every time you go out with dad, ask for it. ğŸ˜‚But it's not the best here. ğŸ˜‚ğŸ˜‚

As I said, the other test. ğŸ˜—",Rasa|kemaman|kajang|muar
2022-08-31 10:57:16+00:00,1564930314320785408,bangmaan,"gaji masuk settle hutang2 je, lepastu sambung ikat perut semula ğŸ˜‚","Payments Settle debt settlement, then connect your stomach upset ğŸ˜‚",
2022-08-30 06:38:33+00:00,1564502819876777985,hi4tuff,Dah semua bende rakyat kene jaga. Ikat perut semua rakyat la. Menteri sedap dkt atas makan besau. Eh takde takde jangan nk suruh rakyat ikat perut kalau menteri yang bertanggungjawab jaga harga makanan,"It's all the people here. Tie the stomach of all the people. The minister is delicious for eating. Hey, no need to tell the people to tie the stomach if the minister is responsible for maintaining food prices",
2022-08-27 18:25:48+00:00,1563593637765689344,hirman74,Hari kena panggil mahkhamah konon sakit perut masuk wad. HakimÂ² bila puakÂ² umno ni jangan bagi / tarik balik ikat jamin tu. Umno Penderhaka memang tak hormat langsung Kedaulatan UndangÂ² @MYJudiciary,The day was to call the supposedly stomach ache in the ward. Judges when these UMNO factions do not give / withdraw the bail. UMNO rebels are not directly respected by the rule of law @myjudicyiary,"Salor, Kelantan"
2022-08-25 11:06:12+00:00,1562758233521278981,hafizahmad__,Mahal jugek aj4 ni. Terpaksalah ikat perut bulan depan ğŸ¥². Tu pun kalau dapat la hahahaha,Expensive jugek aj4. Forced your stomach upset next month ğŸ¥². Even if it can be hahahaha,Bumi
2022-08-24 09:39:24+00:00,1562374001250676736,naf154,Kita ketawa kan aje la.. all these while: rakyat â€˜ikat perutâ€™; orang Melayu malas ; rakyat - jgn harapkan duit dari kerajaan.. so what exactly have you done to please the rakyat? Rakyat do not appreciate this unfairness by the judiary towards Najib..pls la Atok just shut up!,We laugh aje la .. all these while: People 'belly'; The Malays are lazy; People - Don't expect money from the government .. So what exactly have you done to please the people? People do not appreciate this unfairness by the Judiary towards Najib..pls la atok just shut up!,"Kuala Lumpur, Malaysia"
2022-08-23 15:19:11+00:00,1562097122463191040,frododastan,"Betul pendapat masing-masing. Tapi terkejut jugak bila dengar ada org kesian dekat najib. Like wtf, this mfk never kesian dekat kau pun. Dia kena bayar 210juta dia dah makan berapa banyak pulak. Kau nak pergi makan meatball kat ikea pun kena ikat perut seminggu.","That's right. But I was shocked to hear that there was a pity near Najib. Like wtf, this MFK never pity you. He had to pay 210 million he had eaten how much it was. You want to go eat meatball at IKEA to have a stomach a week.",Malaysia
2022-08-20 14:15:25+00:00,1560993914714071040,MrMuza,@Syasharuslan_ Dah boleh start ikat perut dah sampai hujung bulan ğŸ¥²,@Syasharuslan_ can start stomach up until the end of the month ğŸ¥²,Kuala Lumpur
2022-08-19 13:42:05+00:00,1560623136751906816,ainonom,@ikNOwcQiN Bahahahhaha. Seronok ada ot. Yg takde ot ni nampaknya kena ikat perut lah sebulan dua. Ngam sekali pakej kurus tengok bpğŸ¤£ğŸ¤£,@iknowcqin bahahahhaha. It's fun to have OT. This is not an OT seems to have a two -month stomach. Seeing a skinny package look at BPğŸ¤£ğŸ¤£,Petaling Jaya
2022-08-16 09:10:45+00:00,1559467689567191040,rajeazie,"Td naek canteen,tali kasut terbukaâ€¦ak pon ddk nk try ikatâ€¦tp 2/3 kali ak cb xboleh2 sbb perut dh besar..Alhamdulillah dtg seorg operator tlg iktkn tali kasut akâ€¦tibe2 dtg rase sebak ğŸ¥¹..Ya Allah terima kasih atas kehadiran org2 yg baik lam kehidupan ak ğŸ¤²ğŸ»","Td naek canteen, open shoes ... ak pound ddk nk try to tie ... but 2/3 times ak cb xboleh2 as a big stomach..alhamdulillah dtg a sorg operator tlg to shoe ak ... tibe2 dtg rase ğŸ¥¹..ya Allah thank you For the presence of good people in my life ğŸ¤²ğŸ»","Puchong, Selangor"
2022-08-14 14:38:54+00:00,1558825494040088576,MrMuza,Dah boleh start ikat perut dah untuk 2 minggu berikutnya,You can start a stomach upset for the next 2 weeks,Kuala Lumpur
2022-08-12 12:40:42+00:00,1558070975027355648,Fatinmashanim_,aku ikat perut takpa. jnji dapat tunaikan apa mak abah aku nak ğŸ¥°ğŸ¤²ğŸ»â¤ï¸,I tie my stomach. I can do what I want to do ğŸ¥°ğŸ¤²ğŸ»â¤ï¸,"Johor Bahru, Johor"
2022-08-12 05:17:23+00:00,1557959411574149120,yeolahv,"@antaintiom Kalau I jadi menantu dia pun I makan hati. Kita ikat perut nak bagi cukup, dia boleh berjoli sakan centu je ğŸ« ","@Antaintiom if I was his daughter -in -law I ate. We tie our stomachs for enough, he can be a good idea",Malaysia
2022-08-12 03:05:37+00:00,1557926247929245696,abcepaa,seksa lah ikat perutğŸ˜£ğŸ˜£ğŸ˜£,It's a stomach acheğŸ˜£ğŸ˜£ğŸ˜£,Malaysia
2022-08-06 05:40:43+00:00,1555790954380296193,morasaki12,"22 bln jadi PM kerajaan @pakatanharapan_ dia terus buat retorik, negara nak muflis pasal bnyk hutang. Pinjam dgn Jepun, pinjam sana, pinjam sini ğŸ‘‰ akhirnya dlm sekelip mata negara dibelenggu hutang. Rakyat kena ikat perut, usah mengharapkan subsidi je ğŸ˜­","22 months as the PM of the government @pakatanharapan_ he continues to rhetoric, the country wants to go bankrupt about debt. Borrow with Japan, borrow there, borrow here ğŸ‘‰ Finally in the blink of a country's debt. People have to be stomach upset, don't expect subsidies ğŸ˜­","Johore, Malaysia"
2022-08-06 03:38:08+00:00,1555760105102397440,syamimhanz,Ok guys now im officially repurposing my savings to go to swiss. Ok bye ikat perut. No more branded stuffs.,Ok guys now im officially repurposing my savings to go to Swiss. Ok bye stomach. No more branded stuffs.,Malaysia
2022-08-04 16:02:46+00:00,1555222724087189504,morasaki12,"Tun Mahathir serta kroni dan para taikun tak kisah pun kesusahan rakyat khususnya org Melayu.

Sebab itu dulu semasa dia (Mahathir) berkuasa dia kata jangan iri hati kpd org kaya, bila rakyat susah dia suruh rakyat ikat perut dan jangan harap bantuan kerajaan.","Tun Mahathir and the cronies and the taikun do not even care about the hardships of the people, especially the Malays.

That was why when he (Mahathir) had the power he said not to be jealous of rich people, when the people were hard for him to tell the people to tie the stomach and do not expect government assistance.","Johore, Malaysia"
2022-08-04 10:56:51+00:00,1555145735913771009,hssyazlyana,"Taknak fikir sangat bab intern ni, just nak go with the flow je. Tapi bila kira kira, kalau ikat perut pun sehari belanja rm30 dah. Office hour 9-6 tapi kena keluar rumah 730am and balik 730pm sebab kejar bas. Is this all worth it, Ya Allah ? ğŸ˜”","Don't think so much about this intern, just go with the flow. But if you think about it, if you have a stomach a day spend RM30 already. Office hour 9-6 but you have to leave the house 730am and return 730pm due to the bus. Is this all worth it, Oh God? ğŸ˜”",Malaysia
2022-08-02 16:40:57+00:00,1554507555296010240,sambertenang,"@heyitsmehafiz @najmiedespanik Hobi boleh on off. Main band tinggal lama sikit berkubur. Ikat perut kaw kaw demi satu rilisan lagu. Kena cara, dapat sambutan. Tak kena cara, lagu tu sekadar angin lalu. Punca bandmate tak kekal, ada komitmen anak bini diutamakan. Kecuali anak loaded.","@heyitsmehafiz @najmiedespanik hobby can be off. Play the band for a long time. Tie stomach upset for one song. In the way, get a response. No way, the song is just a wind. The cause of the bandmate is not permanent, the commitment of the child is prioritized. Except for the Loaded Child.",Cyberjaya
2022-08-01 10:47:45+00:00,1554056282801590272,hnhanim,"@mohdkautharr At the minimum, boleh bayar commitment bulan2 + simpan duit bulan2 tanpa ikat perut. At the maximum, ofcourse boleh beli apa2 saja yg kita nak, belanja orang tanpa berkira kira","@mohdkautharr at the minimum, can pay the commitment of the moon2 + save the money without the belly. At the maximum, ofcourse can buy whatever we want, shopping for people without counting",
2022-07-31 14:14:52+00:00,1553746015865384960,simplet0nn,"@itnotrealme Tu laaa. I xde la sampai ikat perut just kita pn ad planning kita kan ngan gaji kita. Yang mana nak simpan yang mana nak labur, belanja. Bila dia pinjam kacau la sikit, terpaksa cut planning","@itnotrealme tu laaa. I xde la to the stomach we just put our planning to our salary. Which one wants to save where to invest, shopping. When he borrowed a little chaos, he had to cut planning","Kuala Lumpur City, Kuala Lumpu"
2022-07-28 03:25:14+00:00,1552495369744879618,umarehudona,Setuju. Tepuk dada tanya selera. Kita je yg tau selera hidup kita mcm mana. Tak mustahil baru tengah bulan dh kena ikat perut tp hati memberontak nak itu ini. Lepastu gaduh.. lg2 bila dh ada anak nanti banyak yg kena pikir. Keluar parking pn minyak dh jln weh..,Agree. Ask yourself. We know where our lives are. It is impossible for the middle of the month to be hit by a heartbeat but it is a rebellious heart. Lepastu have .. Lg2 when there is a lot of children to think. Exit the parking lot of the oil dh jln weh ..,"Pahang, Malaysia"
2022-07-25 09:01:03+00:00,1551492715489423360,Ciksyema1990,Lepas bayar2 segalanya.ini la tinggal attui.ikat perut la ibuku nara https://t.co/K18uHchePN,After paying everything.,Hometown~Sandakan
2022-07-22 05:06:48+00:00,1550346599573794816,Thiban_ben,"Hello rakyat, tolong ikat perut berjimat cermat. Krisis ekonomi dan hutang negara lebih 1 trillion tapi rakyat harus berjimat. Menteri hidup mewah ğŸ™ŒğŸ»","Hello people, please tie your stomach to save money. The country's economic and debt crisis is over 1 trillion but the people have to save. Minister of Luxury Living ğŸ™ŒğŸ»",Bestari Jaya (Batang Berjuntai
2022-07-19 21:33:37+00:00,1549507777898303488,PiaPinah_MH,"Menteri naik gaji...rakyat ikat perut...kalau hari hari macam ni kan, letih la sial..... begini ape bende hanat....haosailiou hongco saula co mianggo shiau wa cou cibai aaaa
#cp","The Minister is paying up ... the people of the stomach ... if this day is like this, tired of being damn ..... this is how it is ....
#cp","Kota Kinabalu, Sabah"
2022-07-19 00:33:39+00:00,1549190696824815616,_hx_na_,Dah la nak ikat perut. Bye everybody. Boleh dah plan perancangan kurus,He wants to tie his stomach. Bye everybody. Can have a skinny planning plan,"Batu Pahat, Johor"
2022-07-18 11:14:38+00:00,1548989619596718080,yein654,Bulan 8 konsert Anuar Zain. Bulan 9 konsert Dewa 19. Adik aku ajak konsert Billie Eilish pulak dah. Ni tak berebut tiket konsert Siti lagi ni. Mampos ikat perut 3 bulan,Month 8 Concert Anuar Zain. Month 9 Concert of God 19. My sister invited the Billie Eilish concert. This is no longer the Siti concert ticket. 3 months of stomach ties,"Selangor, Malaysia"
2022-07-18 01:56:44+00:00,1548849218718429184,nmmutslaaa,Sib baik pakai axia semua within budget pastu every month dapat makan sedap tanpa ikat perut. Cuma tak pakai iphone lah tapi ğŸ¤­,SIB is good to use Axia all within budget pasta every month can eat delicious without a stomach. Just don't use iPhone but ğŸ¤­,
2022-07-17 09:56:02+00:00,1548607451364093958,ab_yunos,Ingatkan nk suroh ikat perut...,Remember the stomach ache ...,
2022-07-15 15:29:55+00:00,1547966698149449729,RameshRaoAKS,@MalaysiaGazette Ikat perut??,@Malaysiagazette stomach ache ??,"Bandar Kuala Lumpur, Wilayah P"
2022-07-15 03:28:16+00:00,1547785088305602560,Manissaniss,Bill oyen takat harini je 625 yağŸ˜‚ğŸ˜‚.i swear to god i akan ikat perut kawkaw,Bill oyen today is 625 yes,
2022-07-09 08:47:53+00:00,1545691196731043840,yessayaadib,"Perut depa dah besaq,mana boleh ikat","The stomach is over, which can be tie",
2022-07-08 18:17:00+00:00,1545472031520526337,ahmimad_,"And my uncle from my mom side is penagih. He tak minta my mom duit but everytime dia dia kena tangkap, my mom kena share money with my nenek untuk jamin dia. My mom kena share duit untuk send the money to prison. While me as a child? Ikat perut. Makan sukat2","And my uncle from my mom side is an addict. He didn't ask my mom money but everytime he got caught, my mom had to share money with my grandma to guarantee her. My mom has to share money to send the money to prison. While me as a child? Belly belt. Eat your size",
2022-07-07 12:45:50+00:00,1545026301316067328,OrangLa52912933,"@AlterEgos_69 @MatthewShanmu10 saya Tweet dan Like
yang
""Sanusial"" itu
Terima Kasih
Lagi pun,baru lagi berita Rakyat kena ikat Perut dan Jangan Bergantung Pada Kerejeen DaP dan PHancing Sekereng Ene
TADBIRRRRRRRRRRRRRRRRRR","@Alteregos_69 @matthewshanmu10 i tweet and like
which
""Sanusial"" that
Thank you
After all, the people's news is new to the stomach and not to rely on the DAP and PHANCANEG SERVICE ENE
TAJRBRRRRRRRRRRRRRRRRR",
2022-07-05 07:56:40+00:00,1544228755681722368,sourplumx2,"Asyik suruh orang ikat perut, perut kau yg buncit mkn rasuah itu mcm mana.. Benci la","Keep asking people to tie your stomach, your stomach is a bribe where it is .. hate it",ğŸ‡²ğŸ‡¾
2022-07-04 14:20:22+00:00,1543962930320146432,Mohdfaiz13,"@SyafiqAbum @razlanrafii Pasal ada inflasi la kene tarik subsidi sebab kuasa membeli makin ramai sebab harga barang naik sikit pun masih ramai yg mampu beli. Time kerajaan lepas berlaku kemelesetan ekonomi, ramai yg hilang pekerjaan sebelum pkp. Pastu suruh ikat perut bantu kerajaan, USD 1 pun masih RM4.","@Syafiqabum @razlanrafii about inflation here is a subsidy because the power of buying is increasing because the price of the goods is still a lot to buy. The time of the government after the recession, many lost their jobs before the CPP. Definitely tell the government to help the government, USD 1 is still RM4.","Shah Alam, Selangor"
2022-07-04 08:48:01+00:00,1543879288973275136,farahnaabilah,start ikat perut uhu,Start stomach ties uhu,Malaysia
2022-07-04 01:15:56+00:00,1543765520985780224,JamalThaRebel,"@hanzsolobsp marahnya. kenapa Melayu misken suka marah-marah ni. dah sarapan belom, ke kena ikat perut sebab family ko takde duitğŸ¤£ğŸ¤£","@hanzsolobsp is angry. Why do you think Misken likes to be angry. Have breakfast yet, to get stomach upset because my family has no money","Mont Kiara, KL"
2022-07-03 08:23:09+00:00,1543510643382243328,RameshRaoAKS,@MalaysiaGazette Bukan KerajaÃ n ikat perut macam puak Hancing PakatanHarapan,@Malaysiagazette is not a royal stomach like a pact,"Bandar Kuala Lumpur, Wilayah P"
2022-07-01 16:40:51+00:00,1542911118632296448,FatinKhalil,"Syukur atas rezeki yg tak putus putus. Hujung bulan boleh makan sedap. Awal bulan lg laa. Tgh bulan yg ramai ikat perut pun still boleh makan sedap2. Hurm, for everything happen. Allah still bersama aku ngn kamil ğŸ¥º","Thanks for the endless sustenance. The end of the month can eat delicious. The beginning of the month. Even a lot of months of stomach can still eat well. Hurm, for everything happened. God is still with me kamil ğŸ¥º",Kuala Lumpur.
2022-06-28 09:59:51+00:00,1541723039095607296,tok_asyraf,"ni tggal bukti..esok naik menteri, kalu buat bideo mkn megi mmg proven dari dulu mkn megi..
ni c*#&amp;@ pkai baju designer pastu buat vid citer kesian mkn megi..
pastu suh rakyat ikat perut..
~Fadli Salleh https://t.co/nbH524cgXB","This is not the evidence ... to go up the minister, to make the bideo for the provision of the past ..
ni c*#& amp;
Must be the people of the stomach ..
~ Fadli Salleh https://t.co/nbh524cgxb","Sungai Rambai, Melaka"
2022-06-27 11:01:57+00:00,1541376280381124608,frifhan,@JesikaMin Ya allah tin. Aku rasa aku nak ikat reben hadiah kat perut dia,@JesImamin Oh God Tin. I think I want to tie a gift to her stomach,kuala lumpur
2022-06-26 01:18:25+00:00,1540867042374733824,DumanGonsu,"Marilah ikut saya belajar ikat perut,caranya beli tali rapiah di kedai dan teruskan ikat perut. https://t.co/ijn6ilQky8","Let me study stomach tie, how to buy a rope in the store and continue to tie it. https://t.co/ijn6ilqky8","Sabah, Malaysia"
2022-06-23 13:52:30+00:00,1539969649567080449,syirasuman,Aku rasa dah boleh ikat perut dah ni dari skrg.....langkah berjaga jaga.,I think I can tie it up now ..... take care of it.,Malaysia
2022-06-23 12:31:27+00:00,1539949252075753473,komunitisaham,"Antara dua darjat. 

Satu kena ikat perut, satu lagi dapat tambahan elaun sehingga RM 480 k 

Hok ni agaknye mat saleh dok kate â€œThe rich get richer &amp; the poor get poorerâ€ https://t.co/rvlVExxme5","Between two degrees.

One should be stomach, another can be an additional allowance of up to RM 480 k

Hok ni is a bit of a dock kate â€œThe rich get richer & amp; The Poor Get Poorer â€https://t.co/rvlvexxme5",Malaysia ğŸ‡²ğŸ‡¾
2022-06-23 05:01:07+00:00,1539835924225220608,d_banggol,@DenciShahrizal Semua subsidi ditarik. Rakyat ikat perut. Takpe nanti kita kaji bantuan UTK B40 katanya...yg golongan lain mcm mana....,@Dencishahrizal All subsidies are withdrawn. People tie their stomachs. No matter how much we look for help for B40 he said ... the other groups ...,
2022-06-22 23:54:25+00:00,1539758738957291520,yaakub_abu,"@bawangmana Ikat perut, Pakai barut tak nampak buncit https://t.co/w7g87Ke6qc","@bawangmana belly, wear barbecue https://t.co/w7g87ke6qc",
2022-06-22 14:51:58+00:00,1539622228559400960,Mohdfaiz13,@RasidAbuBakar Asalkan tak disuruh ikat perut bantu kerajaan.,@Rasidabubakar as long as it is not ordered to help the government.,"Shah Alam, Selangor"
2022-06-22 12:09:53+00:00,1539581439746134021,encikzapa,"Ramai tak faham istilah bantuan.
Yang hari ni disebut Bantuan tambahan.
Jadi kalau sebelum ni RM400, nanti akan dapat RM500. Siapa nak bagi? 

Korang nak harap PH? Dia suruh ikat perut je nanti ğŸ˜…","Many do not understand the term help.
Today is called additional help.
So before this RM400, it will get RM500. Who wants to share it?

Do you want PH? She told her to tie her stomach later ğŸ˜…","Kuala Lumpur,Puchong,Putrajaya"
2022-06-22 12:09:44+00:00,1539581399610839040,encikzapa,"@IsmailSabri60 Ramai tak faham istilah bantuan.
Yang hari ni disebut Bantuan tambahan.
Jadi kalau sebelum ni RM400, nanti akan dapat RM500. Siapa nak bagi? 

Korang nak harap PH? Dia suruh ikat perut je nanti ğŸ˜…","@Ismailsabri60 Many do not understand the term help.
Today is called additional help.
So before this RM400, it will get RM500. Who wants to share it?

Do you want PH? She told her to tie her stomach later ğŸ˜…","Kuala Lumpur,Puchong,Putrajaya"
2022-06-21 06:16:33+00:00,1539130132740587520,Mohdfaiz13,"@HamdanRukun Dulu kata Melayu malas, pastu suruh ikat perut &amp; jangan dengki kat orang kaya.","@Hamdanrukun used to say lazy, be sure to order stomach & amp; Don't be jealous of rich people.","Shah Alam, Selangor"
2022-06-20 23:34:29+00:00,1539028946502635521,solehkyo,Semoga semua yg pernah rasa ikat perut untuk makan dimurahkan rezeki pada masa akan datang,May all those who have ever felt stomach ache for food will be blessed in the future,"Perak, Malaysia"
2022-06-20 12:27:22+00:00,1538861063466516481,aidahssn,"Done beli khemah, mari ikat perutğŸ’¸ğŸ«°","Done buy a tent, let's tie the stomachğŸ’¸ğŸ«°",Kuala Lumpur/Jakarta
2022-06-20 12:08:18+00:00,1538856263777284096,pinkpistachio96,I need to ikat perut dari makan sedapÂ².  just because of saving money ğŸ¥¹,I need to tie my stomach from a good meal. Just because of saving money ğŸ¥¹,"Malaysia, Kuala Lumpur."
2022-06-19 17:47:53+00:00,1538579336177016835,Nis_Ross,Kesian nanti ramai student susah nak dapat access to nutritious food. Sampai sakit. Sebab nya terpaksa ikat perut nak jimat. Terpaksa makan nasi lauk telur seharian bawak ke malam. Tapi tu lah. Tengok ramai pulak yang support.,Many students will find it difficult to get access to nutritious food. It hurts. Because he has to tie his stomach to save. Had to eat egg rice all day long. But that's it. See many supports.,State Of 9
2022-06-19 02:44:55+00:00,1538352093815136256,Vandeeta3,"@Ayahanda_MD @umnoonline @zlk69 @Alamurni @bossku_team @fikhwanBait @Bossbm17 @hanifhanif88 @hamimahothman4 @1rmf5 @DrZahidHamidi @morasaki12 @romonicastro Kenot brain ""Melayu Pemalas"" ""Rakyat Kena Ikat Perut""  yg paling atas sekali ""Ini Semua Salah Najib""","@Ayahanda_md @umnoonline @zlk69 @alamurni @bossku_team @fikhwanbait @bossbm17 @hanifhanif88 @hamimahothman4 @1rmf5 @drzahidhamidi @morasaki12 @romonicastro kenot brain ""lazy""","Semenyih, Selangor"
2022-06-16 03:14:50+00:00,1537272460034207744,Suraya4Aziz,"Budak2 Kelab UMNO dengan menteri ni yg konon prihatin ni takde kerja lain eh?

Hoi! Budak2 Melayu dekat IPTA/IPTS hari2 ikat perut, hutang PTPTN, hidup mengemis kau tak nampak eh?

Serious laaa korang semua ni dah out of touch dgn rakyat marhaen!

Gila!","The UMNO clubs with this minister who are supposedly concerned about this is not another job eh?

Hoi! Malay boys near IPTA/IPTS days of stomach ache, PTPTN debt, life begging you don't see eh?

Serious laaa you all are out of touch with the people of marhaen!

Crazy!","Petaling Jaya, Selangor"
2022-06-16 00:30:28+00:00,1537231096756068353,srahnst,"Sedih tengok, berapa ramai student uni local bergantung pada ptptn ikat perut makan sehari sekali, tapi yang duduk london siap dapat melancong europe dapat tambah elaun. 

Sesungguhnya kiamat dan akhir zaman itu benar.","Sad to see, how many local uni students depend on PTPTN stomach ache once a day, but those who sit in London are ready to travel Europe to add an allowance.

Indeed, the end and the end of time are true.","Petaling Jaya, Selangor"
2022-06-15 01:26:25+00:00,1536882787583545345,Hamba11_,"Sama aja dengan menteri di isketambola malangsia. Rakyat ikat perut, menteri dan keluarga mentekedarah harta negara.","Just like the Minister in Isketambola Malaysia. The people of the stomach, ministers and families are located in the country's property.",
2022-06-12 02:18:49+00:00,1535808812304568320,amolnisrino,kereta dah start kena parking atas ni bermula lah ikat perut.,The car is starting to get the parking on top of the stomach.,KL || MANJUNG âš’
2022-06-08 10:37:38+00:00,1534484791802097664,rafhanahross,@balqisauni_ Hahahahahah nampak saya besar lah eyyyy. Pastu susah betul ikat ikat dekat perut dahlah uncitğŸ˜©,@balqisauni_ hahahahahah looks like I'm big eyyyy. It must be hard to tie it near the stomach.,"Temerloh, Pahang"
2022-06-08 07:56:05+00:00,1534444138103308288,RameshRaoAKS,"Thai dan vietnam (pengeluar ke-2 &amp; ke-3 terbesar beras dunia) pun tgh berbincang kemungkinan naik harga beras

Pork di thai pon naik 19% berbanding tahun lepas, sardin tin naik 12% 

Tuan-tuan, zaman Pakatan Harapan  rakyat pulak disuruh ikat perut ,","Thai and Vietnam (the 2nd producer & the 3rd largest rice world) TGH discusses the possibility of rising rice prices

Pork in Thai pounds rose 19% compared to last year, Tin Sardine went up 12%

Ladies, the Pakatan Harapan people in the people were told to be stomach,","Bandar Kuala Lumpur, Wilayah P"
2022-06-08 02:23:44+00:00,1534360500091379714,mluthfiramli,"@OkinaFitto Tu lah. Budak2 muda skrg ni semuanya underpaid. Gaji bawah 2k, nak buat credit card pun payah, nak buat installment beli motor lagi payah. 

Kdg ada yg terpaksa ikat perut semata utk keperluan penting.","@Okinafitto tu lah. These young people are all underpaid. Under 2k salaries, even credit cards, want to install more motorcycles.

Some people have to tie their stomachs for important needs.","Ampang, Wilayah Persekutuan Ku"
2022-06-07 14:49:48+00:00,1534185863222939648,nawawi_nomli,@amirrulashraf_ Ikat perut pkai tali ropeah,@amirrulashraf_ stomach a rope rope,
2022-06-07 03:22:03+00:00,1534012784878374913,api_alat,"Ikan keli, goreng berlada.
Enak dimakan, lemak belut. 
Gaya membeli, orang berada.
Tengah bulan, ikat perut.","Fish, fried fish.
Good to eat, eel fat.
The style of buying, people are.
In the middle of the month, belly.",
2022-06-02 15:16:44+00:00,1532380703895474176,dojeemxx,"@501Awani Senang je nak dapat balik. Cut spending untuk majlis rasmi, dan semua benda. Belajar sikit ikat perut anak bini tu. Rakyat boleh, takkan diorang tak boleh.","@501awani is easy to get back. Cut spending for official occasions, and everything. Learn a little bit of the stomach of the child. The people can, they will not.","Kieve, Deutschland"
2022-05-30 15:34:28+00:00,1531298002564173824,bas0ng,"500 ribu ga seberapa,  tapi utk anak kos yg kmrin masang Liverpool kamu harus ikat perut dulu sampai bulan depan. 
Cukup bangga kok sama permainan Liverpool ğŸ™‚","500 thousand GAs, but for the cost of your liverpool, you have to tie up your stomach until next month.
Proudly proud of Liverpool game ğŸ™‚",
2022-05-27 14:42:08+00:00,1530197666604675078,rafhanahross,Kesian gila doe kawan aku dah kumpul duit nak kahwin. Kerja teruk gila sampai ikat perut last last hanet girlfriend dia tinggalkan diağŸ˜© i tahu dia nak attention tapi break up is not the only solution.,Poor crazy doe my friend has raised money to get married. The bad work was crazy until the last last Hanet girlfriend left her ğŸ˜© I knew she wanted attention but the break up was not the only solution.,"Temerloh, Pahang"
2022-05-25 16:21:27+00:00,1529497887628939264,ahmdzamirr,sekarang sekali makan pun 8 inggit makan 2 kali sehari seminggu minyak 50 lak fuh memang kene ikat perut zaman sekarang,Now eating 8 eats 2 times a day a week of 50 lak fuh oils here,Warung Pak Jabit
2022-05-23 22:11:52+00:00,1528861296023990273,WilliamChua007,@hmetromy Roti canai rm0.50 ? Bolehkah share location. Sekarang harga semua benda sudah naik. Kita perlu ikat perut dan mengamalkan sikap berjimat-cermat.,@hmetromy canai bread rm0.50? Can share location. Now the price of everything has gone up. We need to tie up our stomachs and practice a good attitude.,"Selangor, Malaysia"
2022-05-18 07:48:01+00:00,1526831963801550848,F_SyimaM,"Semalam tengok cinta 100kg kat netflix
Sherry kata, nak ikat suami kena pikat perut dia
Pastu sharifah amani kata, pepatah melayu dulu2 menindas golongan wanita

Aku cam... Erkkk","Last night watched 100kg in Netflix
Sherry says, want to tie a husband to get her stomach
Of course Sharifah Amani said, the proverbial proverb used to oppress the women

I cam ... erkkk","Setapak, Selangor"
2022-05-18 04:20:29+00:00,1526779735581540352,rhshzar,"Biar orang nampak hebat, tapi ikat perut sampai hujung bulan. Biar hebat di jalanan, tapi rumah flat. ğŸ¤ª

Kereta itu liabiliti. Faham tak?","Let people look great, but belly until the end of the month. It's great on the streets, but the house is flat. ğŸ¤ª

The car is a liability. Do you understand?",
2022-05-17 08:39:19+00:00,1526482482480050176,wahab388,"@501Awani Tun mudah lupa..sendiri letak jawatan, tiada siapa yg buang dia, 22 Bulan masa jadi PM, Tun suruh Kami ikat perut, ğŸ˜ğŸ˜ğŸ˜ğŸ˜","@501awani Tun Easy to forget .. Self -resignation, No one threw him away, 22 months as PM, Tun told us to belly, ğŸ˜ğŸ˜ğŸ˜ğŸ˜",Petaling Jaya and Penang
2022-05-16 12:16:37+00:00,1526174780831191042,morasaki12,"22 tahun + 22 bulan lamanya menjawat jawatan PM ğŸ‘‰ temberang saja lebih @chedetofficial @MukhrizMahathir @Kelab_Chedet @PejuangRasmi kalau bukan keluarga dan kroni, jangan mimpilah nak bantu, disuruh ""ikat perut"" lagi ada ğŸ˜­ğŸ˜­ğŸ˜­",22 years + 22 months for the post of PM,"Johore, Malaysia"
2022-05-12 22:11:25+00:00,1524874914531921920,JaafarSidek6,Ikat perut ..opr,Stomach ties ..opr,
2022-05-12 14:15:59+00:00,1524755267791261698,azziqaziz,Hahahaha kurangkan gula ya dan perlu ikat perut tibeh #DebatPerdana,Hahahaha Reduce sugar yes and need to tie your stomach #debatperdana,"Selangor, Malaysia"
2022-05-12 14:15:33+00:00,1524755161310466048,Zkwxnn,"Anwar: Kalau susah ikat perut. 
Najib: Kalau harga gula naik, kurangkan gula.

#DebatPerdana","Anwar: If it's hard to tie.
Najib: If sugar prices rise, reduce sugar.

#Debatperdana",Leave Me Alone ğŸ™‡ğŸ»â€â™‚ï¸
2022-05-11 23:48:13+00:00,1524536890611073024,muhdfirzuan,"kdg2 org yg buat 2/3 kerja ikat perut tu tah2 dorg tu calon pun belum ada, 

tapi dorg terpaksa buat sebab kalau mengharapkan 1 sumber pendapatan je memang tak cukup la, bukan semua org starting2 kerja gaji Rm5-10k/monthly","kdg2 people who make 2/3 of the stomach tie work ta2 dorg, the candidate does not yet exist,

But Dorg is forced to make because if you expect 1 source of income, JE is not enough, not all people start the salary of RM5-10K/MONONHLY",kuala lumpur (city life)
2022-05-11 00:40:47+00:00,1524187731718381569,IganatiaEbi,"@traxxfmofficial @elsDines @alvinsinclair I was in ROTU which is actually a curriculum during uni, &amp; since I earned money I considered it as a job. And I purposely join that because of the allowance. Besides, uni students are meant to be broke, eating maggi &amp; â€˜ikat perutâ€™ is all part of the experience","@traxxfmofficial @elsdins @alvinsinclair I was in Rotu which is actually a curriculum during uni, & amp; Since I earned money I consider it as a job. And I purposely join that because of the allowance. Besides, uni students are meant to be broke, eating maggi & amp; 'Stomach Tie' is all part of the experience",Malaysia
2022-05-09 14:29:24+00:00,1523671484291776513,mhmmdmrl_,Bulan ni dah overspend. Kena start ikat perutğŸ˜®â€ğŸ’¨,This month is overspend. Start Start StomachğŸ˜®â€ğŸ’¨,"Malacca, Malaysia"
2022-05-08 00:13:03+00:00,1523093587310694401,MohdShubhi,"Selisih dgn jiran tadi

S: Tak balik Terengganu ke?
J: Balik!
S: Jem tak?
J: Tak jem, tak raya la!

Betul juga apa yg dia kata tu. Semua cabaran yg ada itu serlahkan lagi suasana hari perayaan.
Barulah terasa kemeriahannya.

Happy ikat perut semua!","Better with the neighbors

Q: Don't you go back to Terengganu?
A: Back!
S: Jem tak?
A: No jam, no la!

That's exactly what he said. All these challenges are further highlighted by the festive day.
It just felt the excitement.

Happy stomach all!","Petaling, Selangor"
2022-04-23 07:59:21+00:00,1517775115484016641,xnurulhudax,Awal bulan duit dah banyak habis ke kereta time hujung bulan ikat perut la barang raya apa pon tak beli lagi ğŸ˜‚ğŸ˜‚,The beginning of the month's money is over to the car at the end of the month of the stomach.,Taiping
2022-04-21 14:06:41+00:00,1517142785819697155,fieza_sudin,Berpuasa konon nak merasa kesusahan orang susah. Dorang even bukan bulan puasa pun ikat perut and telan air liur je bila tengok kita makan sedap-sedap. Tetiba bulan puasa bila ada non-Muslim/orang tak boleh puasa makan terus triggered.,Fasting is supposed to feel the hardships of the poor. It's not even a fasting month to fasten and to swallow saliva when we see us eating. Suddenly the month of fasting when there is a non-Muslim/people cannot fast and eat triggered.,"Anfield, Gombak"
2022-04-19 12:27:56+00:00,1516393158698885121,OchiShoveeya,@AzumiAzuka @JUSTB_Official Harusnya ikat perut limji lasih ijo mint...terus ikat pinggang chuji juga..mreka trlihat soft dan elegan,@Azumiazuka @justb_official should be tied to the stomach of the mint ...,"Yogyakarta, Indonesia"
2022-04-10 07:46:46+00:00,1513060907554725891,Haswani_Azizi,Next month RM400 sebulan. Bersiap sediaaa laaa lepas ni. Ikat perut.,Next month RM400 a month. Get ready later. Belly belt.,"Kulim, Kedah"
2022-04-09 02:06:09+00:00,1512612801264910336,Aisamuddin_Nur,"""Adakah perlu 'ikat perut' utk kaya?""

Tak perlu.

Kos besar yg membebankan kewangan kebanyakkan drp kita bukanlah kos SARA HIDUP.

Tp kos GAYA HIDUP.

Jadi gaya hidup yg tak sudah2 itulah yg perlu ""diikat"", bukan ikat perut!","""Is there necessary 'belly tie' to be rich?""

No need.

The large boarding house that imposes most of our authority from our SARA boarding house.

But lifestyle boarding house.

So a lifestyle that doesn't have been that needs to be ""tied"", not a stomach tie!","Tanjong Malim, Perak"
2022-04-08 16:58:23+00:00,1512474950166200324,petanirumah,"Hernia berasal dari bahasa latin hernia, yaitu menonjolnya isi suatu rongga melalui jaringan ikat tipis yang lemah pada dinding rongga yang membentuk kantong dengan pintu berupa cincin, hernia ini sering terjadi di daerah perut dengan isi yang keluar berupa bagian dari usus.","Hernia is derived from the Latin language of the hernia, which stands out the contents of a cavity through a weak tie network on the wall of the cavity that forms the pockets with a ring door, this hernia often occurs in the abdominal area with the contents of the intestine.","Pekan Baru, Riau"
2022-04-07 06:05:35+00:00,1511948280283815936,yanasyrfftxn,"Orang tu ikat perut, tahan diri belanja itu ini untuk banyakkan saving. Susah payah kumpul duit, korbankan bermacam kemahuan. Awak pula taknak menyimpan, boros berbelanja. Bila ada emergency, pinjam kat orang yang dah bersusah payah menyimpan.. ğŸ˜• semoga ada lesson learned lah.","The person is stomach upset, hold on to this shopping for saving. It's hard to raise money, sacrifice a variety of will. You don't want to save, it's wasteful. When you have an emergency, borrow it to people who are struggling to save .. ğŸ˜• Hopefully there is less Learned.",MARL
2022-04-05 15:59:53+00:00,1511373064327421961,kiddiepax,B4 category pun tak layak nak dapat apape bantuan. Padahal ikat perut jugak. Bayar cukai sama je macam orang lain. Hmm...,B4 Category is not worth the help. But the stomach is stomach. Pay the same taxes like others. Hmm ...,
2022-04-03 21:16:40+00:00,1510728011771162625,AzahaZu,"@BennStyles Bukan not bad, very bad utk marhaen mcm sy niğŸ˜­ğŸ˜­ğŸ˜­ikat perut la jawabnyr","@Bennstyles is not no bad, very bad for marhaen mcm sy ni ğŸ˜­ğŸ˜­ğŸ˜­to belly la answernyr",Kuala Lumpur
2022-04-03 10:49:33+00:00,1510570192748748800,mnurashrullah,Jun mat... Ok ikat perut gais,Jun Mat ... Ok Tie Stomach Gais,"Johor Bahru, Johor"
2022-04-01 09:54:06+00:00,1509831460722978817,n_sffr,"dugaan betul. sebulan pakai phone spare battery rosak, then bila screen dah okay battery pulak rosak. macamÂ². sudahlah memang tiada duit, sale langsung nda masuk, ikat perut mau makan.. tekanan bagus beli baru tapi duit pun tiada macam mana la ni mau hadap. https://t.co/4GtC9k6TXW","Right. A month with a phone spare battery is damaged, then when the screen is okay the battery is damaged. like. It's okay to have no money, the sale is right in, the stomach is going to eat .. a good pressure buy new but no money is not to deal with. https://t.co/4gtc9k6txw",Malaysia
2022-03-30 06:52:00+00:00,1509060858608951299,GhazaliResab,Ada pelajar wanita  dari Kelantan dapat pinjaman PTPTN boleh belanja &amp; hantar balik ke kampung bantu ibu bapa dia yg menoreh getah Dibimbangi mahasiswa dapat pinjaman PTPTN &amp; Biasiswa beli hp canggih beribu beli motor merempit dan beli barang yg x perlu lepas itu makan ikat perut,Some female students from Kelantan can pay PTPTN loans & amp; Send back to the village Helping her parents tapping rubber by students to get PTPTN & amp; Divorce HP scholarships Thousands of motorcycles and buy things that need to be eaten,
2022-03-30 03:33:36+00:00,1509010931166363649,ardinazabidi,"even family aku M40 pon aku faham bila diorang cakap ""ikat perut"" . duit ibu abah ada je tapi kadang takut nak mintak . pernah banyak kali gak ah bila orang tanya ""makan tak?"" , sanggup cakap takpe aku makan petang, sbb petang ii harg murah sikit ğŸ¤£ğŸ¤£","Even my family M40 pounds I understand when I say ""stomach up"". Mother's money is there but sometimes afraid to ask. There have been many times when people ask ""eat?"" , can tell me not to eat dinner, as the afternoon II cost a little ğŸ¤£ğŸ¤£","Parit Buntar, Perak"
2022-03-29 11:07:14+00:00,1508762704324231168,NurShakilaa,"Kajian kepala otak hampa. Rakyat marhaen ni hujung nyawa ja dok bertahan utk survive. Kami cuma mntk naik min basic ja tu pun beratus kajian nak buat. Hampa gaji beratus ribu takpa lah, semua ada elaun. Kami nak bayaq bil bulan pun smpai ikat perut!","The head of the head of the brain is empty. The people of the marhaen are the end of their lives and the dock survives for survival. We just went up the basic min and that was hundreds of studies to do. Hundreds of thousands of dollars, all allowances. We want to get a moon bill even to get a belly!",Penang | Kuantan
2022-03-28 08:37:07+00:00,1508362537267773440,realyuyun,"Alhamdulillah settle loan kereta. Masa untuk ikat perut semula ğŸ¤£ Bye gaji bulan ni hahahah, twas a short meet up with you ğŸ¥²ğŸ’¸ https://t.co/NKYDQGqJmN","Thank God the car loan settles. Time to re -tie ğŸ¤£ Bye this month's pay hahahah, twas a short meet up with you ğŸ¥²ğŸ’¸ https://t.co/nkydqgqjmn","Setul, Negeri Sembilan"
2022-03-27 08:31:30+00:00,1507998736685088773,lizasabarina,"@SimpletonED Naik grab. Saya tak suka bersesak,pening kepala. Cuma kena jimat,ikat perut sikit. Itu saya. Org lain saya X pasti. * X boleh berpanas, berpeluh. Mudah pening.","@Simpletoned up grab. I don't like to have a headache, headache. Just save money, belly a little. That's me. Other people I know. * X can heat, sweat. Easy to dizzy.","Ulu Langat, Selangor"
2022-03-25 13:41:18+00:00,1507351922910859265,amolnisrino,Hujung bulan dah masuk kolej memang kena ikat perut.,The end of the month of college is a stomach ache.,KL || MANJUNG âš’
2022-03-25 13:36:29+00:00,1507350712401170438,Aisamuddin_Nur,"""Adakah perlu 'ikat perut' untuk kaya?""

Tak perlu.

Kos besar yang membebankan kewangan kebanyakkan daripada kita bukanlah kos SARA HIDUP.

Tapi kos GAYA HIDUP.

Jadi gaya hidup yang tak sudah-sudah itulah yang perlu ""diikat"", bukan ikat perut!

Mentor Mohd Zulkifli Shafie","""Is it necessary to 'belly' for rich?""

No need.

The huge cost of financing most of us is not the cost of living.

But the cost of lifestyle.

So it's a lifestyle that needs to be ""tied"", not a stomach!

Mentor Mohd Zulkifli Shafie","Tanjong Malim, Perak"
2022-03-24 03:15:19+00:00,1506832001181298693,EdanShila,@MRizuanmh Bergabung hanya Utk tumbangkan BN itu je. Lepas tu raykat ikat perut la .. jgn cemburu dgn org kaya.,"@Mrizuanmh joined just to overthrow the BN. After that, they are not jealous of the rich.",Kuala Lumpur
2022-03-21 03:58:54+00:00,1505755806415097856,xnx_xhmxd,"@Soulzeshifter @VampurrN @Azfarovski And the guys, pakai la kain pelikat masam bawah perut yg buncit, terburai la ikat pun ala kadar ğŸ¤ª","@SOULZESHIFTER @vampurrn @azfarovski and the guys, wear a sour fabric under the stomach, and even the rate is bad ğŸ¤ª",shah alam
2022-03-20 10:21:00+00:00,1505489577301413889,queeeeendaisy,biar la aku ikat perut jangan miko dengan oyen meow meow meow,Let me tie my stomach not miko with Oyen Meow Meow Meow,
2022-03-16 12:46:12+00:00,1504076565722050564,FAliaHMS,"Jangan keluarkan, jika boleh. Biar ikat perut sekarang utk keselesaan masa depan. That's just me la, korang nak keluarkan juga, buat.","Do not remove, if possible. Let the stomach tie it now for the comfort of the future. That's just me, you want to take it out too, do it.",Kuala Lumpur City
2022-03-15 11:49:25+00:00,1503699890295123968,F4rhan99,Dh kena mula ikat perut niğŸ˜µâ€ğŸ’«,Dh should start to tie this stomachğŸ˜µâ€ğŸ’«,
2022-03-13 12:49:33+00:00,1502990246367346693,morasaki12,"Jumlah undi yg PujaWang dpt sebenarnya adalah jumlah ahli mereka di kawasan itu.

Jika 30 undi, 30 org je ahli disitu.

Org kena hina, org kena ikat perut, org kena label malas, jgn iri hati kpd org kaya. Takkan sebodoh itu org Johor nak undi parti org kaya zalim.","The number of votes can actually be the number of members in the area.

If 30 votes, 30 members are there.

People have to be despised, people have to be tied up, they have to label labels, do not envy them. It would not be that the johor would vote for the party.","Johore, Malaysia"
2022-03-07 10:40:08+00:00,1500783348125290496,siachrstrosie,"Parahnya lagi tangan megang salonpas. Klo panasnya koyo udah ilang langsung ganti baru.

Taruh tdk hanya di punggung,perut,rusuk telapak,leher dgn bahuuu skrng su tidak masuk akal macam ikat pinggang. Sakit sekali Yesus e..","It hurts the hand of the salonpas. The hot koyo has lost the new replacement.

Put it only on the back, stomach, ribs, neck with shoulders now that it doesn't make sense like a waist. It hurts Jesus E ..",Saturn - Ende
2022-03-06 14:30:18+00:00,1500478885204410368,Nora_Hx,"@Thehulkey Slow2 kurangkan monthly expenses. Apa boleh cut, cut. Bukan suruh ikat perut, tp berpada. Spending all of your income is a No No. patut ada saving 1/5 dari gaji. Dgn extra duit tu, tutup expenses 1-1. Makin lama makin bnyk duit extra utk greater saving.","@Thehulkey slow2 Reduce Monthly Expenses. What can be cut, cut. Instead of ordering stomach, but not. Spending all of your income is a No No. There should be a 1/5 saving of salary. With extra money, close expenses 1-1. It's getting more and more extra money for greater saving.",Malaysia
2022-03-05 13:20:49+00:00,1500099012992860162,alohapuj,Ikat perut biar bisa beli tiket &amp; nonton prambanan jazz. Bismillah,Stomach ties to buy tickets & amp; Watch Jazz Prambanan. Bismillah,Solo
2022-03-02 06:31:54+00:00,1498908938896838663,morasaki12,"Jangan lantik kerajaan penyamun lagi. 

Habis semua duit dan harta rakyat kena sebat.

Aset negara dia jual ikut suka, Petronas sampai kering dia kikis.

Rakyat kena ikat perut time tu ğŸ¤¨ ! https://t.co/Lm95NsIT2j","Don't appoint a bandit government anymore.

All the money and property of the people have to whip.

The country's assets are selling, Petronas until he is dry.

The people have to tie up that time ğŸ¤¨! https://t.co/lm95nsit2j","Johore, Malaysia"
2022-02-27 23:41:37+00:00,1498080913158144000,asrulaffendi13,Tali pinggang nie bukan ikat seluar je.. Dia ikat perut sekali,This belt is not a pair of pants .. he's a stomach ache,"Bandar Melaka, Malacca"
2022-02-26 20:11:05+00:00,1497665543381590016,wantogey,Hehehe bulan depan nak guna duit lebih sikit hehehehehe banyak benda nak kena tukor hehehehe tinted kereta dah nazak hehehehehe nak ke ganu lagi dua minggu hehehe hujung bulan ikat perut hehehe,Hehehe next month to make money a little more hehehehehe a lot of things to get it hehehehe tinted car already nazak hehehehehe want to go again two weeks hehehe end of the month stomach hehehe,Penang
2022-02-22 02:47:03+00:00,1495953250356719616,rashdanmarzuki,@cencarubakar @aimiafrina_ Tak nak la nanti kau tweet sendu setiap hari sebab ikat perut nak bayar kereta,@cencarubakar @aimiafrina_ don't want to go to your daily tweet because you want to pay for a car,"Johore, Malaysia"
2022-02-21 04:25:02+00:00,1495615523073282055,sayaaqbar,"Pengalaman ngajar haritu, guru disiplin tu akan rampas siapa bawa phone. Tapi akan dipulangkan waktu balik. Hp tu hak milik peribadi murid, jangan lah buat macam tu(dalam vid). Barang tu dibeli pakai duit yang halal, ada yang sampai ikat perut nak beli phone.","The experience of teaching that day, the disciplinary teacher will seize who brings the phone. But it will be returned time. HP is the personal property of the students, do not do that (in VID). The goods are bought with halal money, some who get stomach to buy a phone.","Hulu Selangor, Selangor"
2022-02-16 12:27:34+00:00,1493925015158345728,wahab388,@saifulv39 Ikat perut la jawabnya rakyat Johor.ğŸ˜‚ğŸ˜‚ğŸ˜‚,@saifulv39 The stomach is the answer to the people of Johor.ğŸ˜‚ğŸ˜‚ğŸ˜‚,Petaling Jaya and Penang
2022-02-12 04:19:26+00:00,1492352623344717826,tedadnan,"Sabtu 12hb Februari 2022.

#Alhamdullilah, job event #video  sudah mula masuk setelah sekian lama ""ikat perut"" angkara  #COVID19 dari negara #CCP yang durjana ini.

Semoga tiada lagik ""lockdown"" #PKP, amek-lah booster shot semua saudara &amp; saudari. https://t.co/7w5NIW8iAE","Saturday 12th February 2022.

#Alhamdullilah, #Video Job Event has begun to enter after a long ""belly"" #Covid19 crime from this evil #CCP country.

Hopefully there is no ""lockdown"" #pkp, amek-Booster shot all brothers & amp; miss. https://t.co/7w5niw8iae","Kuala Lumpur, Malaysia. "
2022-02-07 12:04:52+00:00,1490657811843678214,dreyse_kim,I mean ikat perut dari makan luar. ğŸ˜Œ,I mean belly from eating outside. ğŸ˜Œ,KUL || SBN âœˆï¸
2022-02-07 11:59:08+00:00,1490656369061810179,dreyse_kim,Bulan ni kena ikat perut sikit lah sebab kena bayar depo untuk jubah convo. Convo punya pasal saya sanggop. ğŸ¥²,This month has to be a little stomach ache because you have to pay for the convo robe. Convo has my own thing. ğŸ¥²,KUL || SBN âœˆï¸
2022-02-03 14:46:52+00:00,1489249032392232968,FarrahWahida_,"org nampak kita macam ada duit , org tak nampak macam mana kita struggle cari duit dan ikat perut .","People see us as we have money, people don't see how we struggle to make money and belly.",Malaysia
2022-02-02 01:41:36+00:00,1488689023606411267,fifinaaa_,Dikala si lelaki tengah ikat perut nak cukup kan duit hantaran 10 15k tu. Si perempuan buat apa?,When the man in the middle of the stomach is enough for enough 10 15k money. What do you do?,"Kelantan, Malaysia"