Datetime,Username,Translated_Tweets,Location,Cleaned_Tweets
2023-03-30 08:04:21+00:00,RaihanaRifah,"When I was pregnant, I didn't fast for a month. It is a slow meal even if the stomach is starting to harden. When I was studying I was always a stomach, always eating bread, time pregnant, I couldn't stand it if I didn't eat üòÇ","Johor Bahru, Johor",pregnant didnt fast month slow meal even stomach starting harden studying always stomach always eating bread time pregnant couldnt stand didnt eat
2023-03-30 02:23:35+00:00,azeerarambli,2nd shirts until yes can be tied stomach until the next paycheck.,"Kuching, Sarawak",nd shirt yes tied stomach next paycheck
2023-03-29 18:33:26+00:00,AdamHaikal_98s,@Shopeemy cup. More convenient. The edge will make me tortured if the drive doesn't know where to put it. End up I'll finish it before keeping my drive and my stomach bloated with water ü•π,"Malacca, Malaysia",cup convenient edge make tortured drive doesnt know put end ill finish keeping drive stomach bloated water
2023-03-29 01:52:29+00:00,PAB10I5,"@magmalaya as an ex-smoker. For me to enjoy cigarettes nie lust, how to tie my appetite. Believe me, if your stomach is empty x de people feel that smoking is delicious. But once after eating, he lost Jin he had smoke.","Johore, Malaysia",exsmoker enjoy cigarette nie lust tie appetite believe stomach empty x de people feel smoking delicious eating lost jin smoke
2023-03-28 23:37:55+00:00,anxsrauhl,"@hilmizul_ Kahkah first month where can pay mat, belly what else",Malaysia,kahkah first month pay mat belly else
2023-03-28 15:24:59+00:00,iyon_iYonn,"If you are a jerk, you can poison it. Minimal love of stomach detergent or sleep medicine. If he had been tied he continued to be naked in the new PAS's time in the interogulation of the Titit cut.

It is disgusting if it is a snack.","Bandung, Jawa Barat",jerk poison minimal love stomach detergent sleep medicine tied continued naked new pas time interogulation titit cut disgusting snack
2023-03-28 15:16:01+00:00,raihanatrmn,"Before this, I was sure to declare the IRB, back to all the PCB. This year you have to pay the tax. It's not worth it. Tie the stomach upset this is ü•≤",Petaling Jaya,sure declare irb back pcb year pay tax worth tie stomach upset
2023-03-28 15:01:58+00:00,kopikoedo,"I want to recollect the memory paste and don't remember the exact sit -sites that made me a cam today but I kind of sweet when I saw the food wasted.

I want to say that ever. I want to say that someone else's food has been.",Malaysia,want recollect memory paste dont remember exact sit site made cam today kind sweet saw food wasted want say ever want say someone el food
2023-03-28 02:06:25+00:00,msianinsight,"Traders have to raise prices, people carefully spend and belly https://t.co/kddrtlwgva",Kuala Lumpur City,trader raise price people carefully spend belly
2023-03-27 23:53:38+00:00,ainaaaV,"This month we tie a little stomach, not even a lot about it ü§£. Where to buy a shirt, to save money for the men. Last month had a plan not yet.","Perak, Malaysia",month tie little stomach even lot buy shirt save money men last month plan yet
2023-03-26 17:17:56+00:00,nobodyfriens,"@mkini_bm zahid if you become a pm, what is it so. Greedy with the power to strengthen its position. Najib if you miss it, the belly",Malaysia,zahid become pm greedy power strengthen position najib miss belly
2023-03-26 16:22:40+00:00,OpieyAzlan,"""Eco -friendly"" Hangla Hangla wants to remove fish stomach in plastic ties2",,eco friendly hangla hangla want remove fish stomach plastic tie
2023-03-26 08:34:57+00:00,Yourboysito,"@Adamkhalidl @ubaidbmohsin @jaegar00 Issues now if you can't afford many children, if you can afford up to 20 people no one cares. If you can't afford it but don't even have a lot of kids the endup not eat enough to eat it",Malaysia,issue cant afford many child afford people one care cant afford dont even lot kid endup eat enough eat
2023-03-23 16:12:21+00:00,qhaalim,Who borrowed a fancy meal. The one who lends the stomach to eat what is there. Good!,"Johore, Malaysia",borrowed fancy meal one lends stomach eat good
2023-03-19 14:57:31+00:00,amolnisrino,Tie your stomach is already fasting ü•π,KL || MANJUNG ‚öí,tie stomach already fasting
2023-03-19 10:29:03+00:00,HlmiHnfi,"Ye, after the new vacation regrets the belly üòÇ","Perlis, Malaysia",ye new vacation regret belly
2023-03-13 15:48:48+00:00,Mohdfaiz13,@Xaviernaxa that time collected money until my stomach was going to buy an iPhone 4 je üòâ,"Shah Alam, Selangor",time collected money stomach going buy iphone je
2023-03-11 15:30:03+00:00,CikShamsulPSRTM,Nowadays with high prices of goods and high cost of living ... some are starving and belly ... this is a reality is not fantasy.,"HULU KELANG,KL,MALAYSIA",nowadays high price good high cost living starving belly reality fantasy
2023-03-04 07:16:27+00:00,pmnilamm,"@0rchidr sitting KL if you can earn more than 3.5k

He is one of you to tie his stomach or to the foot of the road ü§£üòÇüòÇ",,sitting kl earn k one tie stomach foot road
2023-03-04 05:29:45+00:00,aiamir_,"@Anyssrosicky betoi sis. Willing to tie stomach, steal breathing for saving money.",÷Ü÷Ö ç…õ’°…¶…õ Ä…õ ÷Ö’º ü è ’°…õ ”Ñ’º÷Ö’°,betoi si willing tie stomach steal breathing saving money
2023-03-03 14:26:42+00:00,nrdeanna,"Allahu, why is a human being like this. He knows that there is no outside of his stomach. He doesn't feel like buying a kilo rice for 1 month.","Kuala Lumpur, Wilayah Persekut",allahu human like know outside stomach doesnt feel like buying kilo rice month
2023-03-03 05:50:37+00:00,lewanjxhnski,"@Faktabukanauta damn it, i'm the stomach to eat maggie sometimes. Get the menu of lunch time at the workplace and be grateful.",Witchcraft School of Hogwarts,damn im stomach eat maggie sometimes get menu lunch time workplace grateful
2023-03-01 13:41:35+00:00,tkyolily,"This month is a stomach ache, the poor is despicable.",Malaysia,month stomach ache poor despicable
2023-03-01 06:50:02+00:00,noorupawan,Then there is a cash. I don't know about stomach acheüò™,"Johor Bahru, Johor",cash dont know stomach ache
2023-02-27 09:08:40+00:00,syedh4fez,"Hopefully tomorrow pay. If not, what do you want to eat. Tonight has to be tied up üò≠","Petaling Jaya, Selangor",hopefully tomorrow pay want eat tonight tied
2023-02-27 08:12:50+00:00,kholeed94,"I went to JPJ Bangi to renew my license, service down. I have to go to the post office, once x leh renew sb ade suit. Xleh help the people? The economy is not bad at eating @anthonyloke stomach",Kuala Lumpur City,went jpj bangi renew license service go post office x leh renew sb ade suit xleh help people economy bad eating stomach
2023-02-27 07:52:02+00:00,noraaalee,"I spent a week for RM 50, if that week I had to go back to buy a bus ticket for a long time so that week I was in my stomach. That's why it used to be so skinny now hahaha üòÇüòÇ","Malacca, Malaysia",spent week rm week go back buy bus ticket long time week stomach thats used skinny hahaha
2023-02-26 11:37:07+00:00,aweiliwei,@ivor_xianz I know some uni students they really tie stomach on their daily meal to save money.,"Kuala Krai, Kelantan",know uni student really tie stomach daily meal save money
2023-02-23 08:07:17+00:00,macs_aswad,"No need to feel guilty, just respect and respond to good service. The responsibility of the father, the guilt is necessary but do not get the stomach to die, it is a fool of the call. Throw away the mindset when we use our dad's money useless. Other than that when it comes to work",,need feel guilty respect respond good service responsibility father guilt necessary get stomach die fool call throw away mindset use dad money useless come work
2023-02-21 22:26:15+00:00,Paniculata16,"Smlm ak mkn kt utm
Rice + vegetables1 + vegetables2 = RM3.50
Ice barley water rm2.90
I need to save some cooking water

This is not a stomach ache, still sdp n knyang crazy

Mlm kdg2 aku xmkn, just oat 3 in 1

My Point: Still Bole is implemented without paying off personal health","Johor Bahru, Johor",smlm ak mkn kt utm rice vegetable vegetable rm ice barley water rm need save cooking water stomach ache still sdp n knyang crazy mlm kdg aku xmkn oat point still bole implemented without paying personal health
2023-02-21 15:05:17+00:00,MFirdausIqbal,Oh I automatically tie my stomach? Because you eat tomato sauce with fried chicken first üò≠,"Primorsk, Erangel",oh automatically tie stomach eat tomato sauce fried chicken first
2023-02-21 13:23:30+00:00,aimshah0509,In the brain think quickly work can have a lot of money. Last2 is the same as a paycheck too. So is the life of the people of marhaenn ..,"Johor Bahru, Johor",brain think quickly work lot money last paycheck life people marhaenn
2023-02-21 11:40:52+00:00,ismadLonggaq,"Fortunately there were Tok Keramat, but to this day the stomach is not eating vegetablesü´†",dalam peti ais,fortunately tok keramat day stomach eating vegetable
2023-02-16 12:31:29+00:00,HamzahNazari,"You, a politician who seems to be overwhelming the power of others in the middle of the day, you waste money while we have stomachs, the people are not as easy as forgetting.
What's more is the frightened, but it will arise because now there is internet?",Malaysia,politician seems overwhelming power others middle day waste money stomach people easy forgetting whats frightened arise internet
2023-02-14 12:31:41+00:00,BorneoBah,"Just do what you have to my dear pm. Do this now rather then later. What a stomach ache, we need to go through some bumps along the way.","North Borneo, Malaysia. Earth.",dear pm rather later stomach ache need go bump along way
2023-02-14 01:59:45+00:00,aziznorzali_pg,"Fact 1 - The story of the poor prophet to fast (stomach tie) is true. But it was not the whole life of the Prophet because the Prophet (saws) was just the early days of the pilgrimage.

Even before the Prophet (peace be upon him) he was appointed his own apostle he was a millionaire.",Malaysia,fact story poor prophet fast stomach tie true whole life prophet prophet saw early day pilgrimage even prophet peace upon appointed apostle millionaire
2023-02-14 01:59:45+00:00,aziznorzali_pg,"Being rich is often said to be unmatched in the way of life of the Prophet. This fact is always mentioned:

1. 'Poor Prophet to a belly'

2. ""The Prophet reminds his companions not to be overwhelmed by the world"".

Right to this fact? Read this thread to the end üßµ",Malaysia,rich often said unmatched way life prophet fact always mentioned poor prophet belly prophet reminds companion overwhelmed world right fact read thread end
2023-02-06 13:30:12+00:00,AzraeeMamat,"@jungledweller1 @arwahmaklampir remembers when the CPP had a student who was a poor, stomach ache and only eating once every 2 days. The part -time work is gone, my dad is hard. Remembering the first time studying, no money to find a sample that people did a demo in the supermarket üòì",,remembers cpp student poor stomach ache eating every day part time work gone dad hard remembering first time studying money find sample people demo supermarket
2023-02-03 03:27:12+00:00,ShafiqTRULLY,This dock is one missed ... keep running the budget ... saturated with stomach up to wait for pay ... adehhh ...,PENANG,dock one missed keep running budget saturated stomach wait pay adehhh
2023-02-02 20:02:38+00:00,n37salim,"Two years of CPP to scam. People tie stomachs, lift white flags. Yidin @muhyiddinyassin PPBM party one year corn income hundreds of millions. @Sprmmalaysia do not sleep, the house is not more than asking for #anuarmusang 1 malaysia to urinate their halal charity deck.",,two year cpp scam people tie stomach lift white flag yidin ppbm party one year corn income hundred million sleep house asking malaysia urinate halal charity deck
2023-01-31 22:39:59+00:00,dirikuboneka,@Aisydahliaa taknak celebrate üò≠. I want to save money. Got a stomach tie,"Muar, Johor",taknak celebrate want save money got stomach tie
2023-01-26 14:09:02+00:00,farahnaabilah,"After the new about 2k monthly commitment. After that anyone who bought a house, had a medical takaful grant? Tie the stomach and der mcm tu hahahaha. So I want to be fully cut near the car oil and eat, save it again",Malaysia,new k monthly commitment anyone bought house medical takaful grant tie stomach der mcm tu hahahaha want fully cut near car oil eat save
2023-01-23 15:31:33+00:00,smsyf_,You're in a family -rich family you can keep. I didn't even want to save time. Tie stomach is not the time of study. It's not like you work every month. Soo you have to understand that your partner maybe he has another interest when he studies,"Keluang, Johore",youre family rich family keep didnt even want save time tie stomach time study like work every month soo understand partner maybe another interest study
2023-01-10 14:58:47+00:00,wantogey,"After paying for all the commitments, you have a little belly. But I'm not the beginning of the beginning of the month, saving first. There are more new enjoyers. Not like a friend, the beginning of the month enjoys not remembering the world. The end of the month of Single Rice Share two people üòÇ",Penang,paying commitment little belly im beginning beginning month saving first new enjoyer like friend beginning month enjoys remembering world end month single rice share two people
2023-01-09 11:56:09+00:00,hisyfx,I have enough to eat. There is a little more money to save. It can be a bit of a family. I knocked on my stomach a little. Nk settle which should be not any,KUL-JHR,enough eat little money save bit family knocked stomach little nk settle
2023-01-06 14:51:51+00:00,ujstephen,You have to learn the stomach back then ‚ò∫Ô∏è,"47130, MY",learn stomach back
2022-12-27 18:10:23+00:00,_Fjayyy,When the kids used to be CC in the czip lee shop. Will be able to tie the stomach to hang out with this cc main üòÇ,"Kajang, Selangor",kid used cc czip lee shop able tie stomach hang cc main
2022-12-26 14:02:47+00:00,_alissyaibrhm,But it is not always our mom to compare us with other cousins ‚Äã‚Äãcan buy beautiful cars. And we're using bad cars. Want to see her son tie stomach every month? ü•πü•πüò≠,Malaysia,always mom compare u cousin buy beautiful car using bad car want see son tie stomach every month
2022-12-22 07:48:16+00:00,MalyaGhazali,"Zint is one of the best pls !!!!!!! Love zint so much back then, willing to tie the stomach to save money to buy it at 7e üòÇ",,zint one best pls love zint much back willing tie stomach save money buy e
2022-12-20 11:50:43+00:00,_alissyaibrhm,"I don't like paw2 people, if people themselves tie my stomach to eat. He wants to share it. Don't want to. Don't be forced.",Malaysia,dont like paw people people tie stomach eat want share dont want dont forced
2022-12-18 08:00:04+00:00,latabayu,"Not afraid..you are afraid of BN. New ties are comfortable for your own stomach, mortgage principles. Btw dato 'never won in all the general election..it's a secret x","Melawati, KL",afraidyou afraid bn new tie comfortable stomach mortgage principle btw dato never general electionits secret x
2022-12-18 04:53:13+00:00,farra_frank,It's been a week since I've worked. Tie the stomach la dis month ya farah.,"Petaling, Selangor",week since ive worked tie stomach la dis month ya farah
2022-12-16 19:12:29+00:00,nick_amirrul,"@lady_bugg11 yela from the idle cmtu is good to fill in religious programs. He has just renovated RM30j, until you have the heart of the money that is worth the taste of your people when the people are in the middle of the day, there are some, the student of the stomach, the cruelty is cruel. You answer near the hereafter","Kuala Terengganu, Terengganu",yela idle cmtu good fill religious program renovated rmj heart money worth taste people people middle day student stomach cruelty cruel answer near hereafter
2022-12-16 07:00:49+00:00,yeolahv,Earlier to find a high maintenance partner but I want to expect her stomach with you one day too,Malaysia,earlier find high maintenance partner want expect stomach one day
2022-12-14 13:14:54+00:00,rizree87,"1 time look like interesting ...
2 times look at it .. Offer Puyer Article .. Nice Giler Plate Cristal by Nachtmann .. üòçüòç Tie stomach mcm this hahaha ... ü§≠ ü§≠ https://t.co/emqvk8rdk6","Kuala Lumpur, Wilayah Persekut",time look like interesting time look offer puyer article nice giler plate cristal nachtmann tie stomach mcm hahaha
2022-12-14 06:09:16+00:00,hulianameseztor,See people renovating the house feels fun ..,Malaysia,see people renovating house feel fun
2022-12-13 09:55:41+00:00,Badmintonfans__,"Will be able to buy this stomach. How can you believe this product ü§£
It's been a graduate. In the end, all for your own efforts. Xperlu medicine niüôÉ",Malaysia,able buy stomach believe product graduate end effort xperlu medicine ni
2022-12-12 08:47:01+00:00,kiddiepax,"If there's one thing you need to know about me, I can buy gold suddenly without reason. I can tie my stomach, count on all the other things but for gold, I can suddenly just put aside some budget. Haha.",,there one thing need know buy gold suddenly without reason tie stomach count thing gold suddenly put aside budget haha
2022-12-11 11:16:30+00:00,rizree87,@Hlmihnfi yasszaa stomach with cooking he said ..,"Kuala Lumpur, Wilayah Persekut",yasszaa stomach cooking said
2022-12-09 13:10:59+00:00,YasiyaElle,"@imagishary Budget Fried Rice: White Rice, Onion & amp; Salt only. Soon it will be high blood pressure if Ahmad Maslan's fried rice menu is because you want to tie it up",Malaysia,budget fried rice white rice onion amp salt soon high blood pressure ahmad maslans fried rice menu want tie
2022-12-09 06:25:12+00:00,Nurinayo,"Someone: Nurin this concert he even has the money he has money. She's stable. No matter how much money he doesn't know.

Nyahhhhhh I also have a stomach ache ü§°","Kuala Lumpur, Wilayah Persekut",someone nurin concert even money money shes stable matter much money doesnt know nyahhhhhh also stomach ache
2022-12-08 09:15:15+00:00,mailmokhtar,"I don't want to know what to do, what I have to do. You want to promote the palapes, but the thing is for you to make your money on the stomach why you don't join? Less xpyah wants to tweet you to have Mat's stomach.",Malaysia,dont want know want promote palapes thing make money stomach dont join le xpyah want tweet mat stomach
2022-12-07 05:41:14+00:00,miuju,@jimachia belly pounds can not buy hahahha üò≠,,belly pound buy hahahha
2022-12-06 08:56:05+00:00,EhhhFaraa,The house loan goes up again within a month. Here is the belly of this,·ó©·ó∞·ë≠·ó©·ëéG,house loan go within month belly
2022-12-06 04:31:55+00:00,beryls_,"After settling back on the kelate, you can start stomach ties üëçüèº Can't eat tasty as always, movie all no okieshhhhhh ...",Kuala Lumpur Federal Territory,settling back kelate start stomach tie cant eat tasty always movie okieshhhhhh
2022-12-04 15:10:20+00:00,hvymin,"Rarely do we eat tasty, we have a lot of stomach ties üòÇ once in a while @vnnbow_. But it's not here. Hrga is not ü§£ https://t.co/ezumbfii","Kota Kinabalu, Sabah",rarely eat tasty lot stomach tie hrga
2022-12-03 00:30:24+00:00,purpinkledays,Never having a hard time studying with the convenience of my father's preparation ... never feeling a stomach ... may Allah give him a paradise without hisab for a father who sacrificed for the comfort of ank ... yra‚ù§Ô∏è,"rivervale,perth wa",never hard time studying convenience father preparation never feeling stomach may allah give paradise without hisab father sacrificed comfort ank yra
2022-12-02 07:58:15+00:00,yudaareni,@Jules12anne most remembers having to tie stomachs to eat rice with sauce because money is running out of money ü•≤,Putrajaya,remembers tie stomach eat rice sauce money running money
2022-12-01 10:30:22+00:00,ayunisalman,"In the middle of the day we were not enough, even eating to get a stomach ache, no matter how much we heard. Our son is enough to eat.
Our time is easy, it's not a call to call ""Don't call me now"". No, playing this order is my man. Ehhhhhhhhhhhhh","Johor Bahru, Johor",middle day enough even eating get stomach ache matter much heard son enough eat time easy call call dont call playing order man ehhhhhhhhhhhhh
2022-11-30 08:43:42+00:00,TheyCallmeMsAnn,@intanraihan plague xde The term hungry engineer has a stomach ache. Not to have your own vehicle. Lol,"Sarawak, Malaysia",plague xde term hungry engineer stomach ache vehicle lol
2022-11-29 09:52:50+00:00,minsjyg,"Sometimes eating is not cheap. Her kids have her taste, choose her throat. Mmg pricey la.

But these things have been used for my own money, except the early stans of Bangtan used to be able to tie the harness allowance to buy the album ü•≤ü•≤ü´†",ÍπÄÏÑùÏßÑÏùò ÌïòÌä∏,sometimes eating cheap kid taste choose throat mmg pricey la thing used money except early stans bangtan used able tie harness allowance buy album
2022-11-29 01:43:30+00:00,mosyukiborhan,Good morning. Pay 2 days. Art work payments are still detained by DBP. Let's tie it up today.,KL / Tangkak / Solo,good morning pay day art work payment still detained dbp let tie today
2022-11-27 09:16:46+00:00,uuucop,Want to buy this Worldcup jersey here to tie it up üò≠,Malaysia,want buy worldcup jersey tie
2022-11-22 15:17:50+00:00,muharanauri,Restore the country's economy immediately. Many people who are stomach and sleepy are sleeping in the face of loneliness.,"Irbid,Jordan",restore country economy immediately many people stomach sleepy sleeping face loneliness
2022-11-22 01:01:43+00:00,Mr_fuadrazak,"Lahhhh, there is now a history of Mcm Mat Kilau's history movie. Strange-2 is the thinking of Malaysians. Even about 13mei is not the same. What do you want to do with your own 2. Diorg on the full meal, we people have to tie their stomachs ..",Malaysian,lahhhh history mcm mat kilaus history movie strange thinking malaysian even mei want diorg full meal people tie stomach
2022-11-16 11:37:24+00:00,cikmiya91,"You can start tying your stomach, n turn on grab the day if it's late. The effort okkay money is coming to roll for the money xde feet. ‚ú®ü§≤",kuala lumpur,start tying stomach n turn grab day late effort okkay money coming roll money xde foot
2022-11-16 02:08:18+00:00,naf154,"For the luxury party .. but in the rule of the day, the people are told to have a stomach ache in reduced.","Kuala Lumpur, Malaysia",luxury party rule day people told stomach ache reduced
2022-11-14 00:15:35+00:00,wanazlianaadnan,The reality of many women & amp; Children have to tie their stomachs waiting for a living claim in court for months. Must give a fast track way to make sure you pay for the child and wife.,Malaysia,reality many woman amp child tie stomach waiting living claim court month must give fast track way make sure pay child wife
2022-11-13 16:31:25+00:00,amzardatempoyak,"When are you rich? Tired of being able to get stomach tie, if you keep this accompany national accan ü•≤",,rich tired able get stomach tie keep accompany national accan
2022-11-12 16:12:38+00:00,kak_ngah82,"@Ct_voter @watieieysoong @awangngahx tu la pity..it's money, some stomach lunch time to collect money from far book flight hotel again‚Ä¶ sad sgat ..",Malaysia,tu la pityits money stomach lunch time collect money far book flight hotel sad sgat
2022-11-12 11:21:18+00:00,morasaki12,"- People are told to tie up their stomachs and don't expect free money.
- Lose 5 consecutive elections to BN.

Later, the @pakatanharapan_ government collapsed by itself.

See you yourself?
Don't forget to forget.","Johore, Malaysia",people told tie stomach dont expect free money lose consecutive election bn later government collapsed see dont forget forget
2022-11-11 16:39:32+00:00,pikashimiyuki,"Tie stomach this month, no enjoy2 road2 for tis month ü´¢ü´† https://t.co/3aoyfuhoh4",,tie stomach month enjoy road ti month
2022-11-10 03:48:58+00:00,mohd_famy,@janji_bahagia @kitapalabataih @sukmawatiismail @lady_bugg11 If Tun Babai la ... Everything has to be stomach ...,Penang,tun babai la everything stomach
2022-11-09 17:16:08+00:00,iKinnnS,"Take advantage of RM10 daily meal allowance. If possible less than RM10 is good. But the plague, the stomach ties. Weekends are running out of badminton mamak, most expensive. Haha ü•π",Someone leg,take advantage rm daily meal allowance possible le rm good plague stomach tie weekend running badminton mamak expensive haha
2022-11-09 09:58:40+00:00,ns_mimy,"Wearing pants thats tight in the tummy suppresses my appetite better than any food alternatives. The ""stomach ache"" is really living up to its name.","Leeds, England",wearing pant thats tight tummy suppresses appetite better food alternative stomach ache really living name
2022-11-09 05:06:47+00:00,SyarulAdam,"Yesterday at JB @anwaribrahim talked again
Partiii niiiii party deritaaaa ..
There is no berilliyun-billiyunnn

Yall laaa..I heard it for 20 years.
Wet heads

The party is the campaign. The people get 30ringkk.
Cipett la.",Johor bahru,yesterday jb talked partiii niiiii party deritaaaa berilliyunbilliyunnn yall laaai heard year wet head party campaign people get ringkk cipett la
2022-11-07 07:27:16+00:00,Dea12191655,"@Rashidahabdull8 @syedsaddiq Options in your own hand. No coercion? If you feel necessary, take it. If x is necessary, please keep it. It's for the choice. But those who want to even have a belly, the EPF is probably the most important source for the dude. X mkn today, do we have to spend money on retirement money? ü§£",,option hand coercion feel necessary take x necessary please keep choice want even belly epf probably important source dude x mkn today spend money retirement money
2022-11-07 07:14:19+00:00,AzwanAlii,"@ZainiHussain454 You're right. Similar to the day, it is not logical for RM8 to eat a day. Poor the kids will have to stomach a day or night ü•∫",Pokemon Centre,youre right similar day logical rm eat day poor kid stomach day night
2022-11-04 01:51:17+00:00,_Yummy1,I'm sorry I couldn't help me. I'm not a big paycheck to live a luxury. Sometimes the stomach is also. There is no saving for emergency. I begged for me to find me.,Ampang,im sorry couldnt help im big paycheck live luxury sometimes stomach also saving emergency begged find
2022-11-03 14:56:37+00:00,Zaki_Yamani_,"@f4kr0ls00d Some others, the election is a stomach ache, ignore the desire.

It's all money.",,others election stomach ache ignore desire money
2022-10-30 07:28:12+00:00,edenweill,"""I'm happy after the RM5"" oil contains
""After the content of the oil given by the Be End party I have no stomach anymore""",Malaysia,im happy rm oil contains content oil given end party stomach anymore
2022-10-30 03:45:33+00:00,yeolahv,@aswaliaaa I know this because I have read many articles on it. They all fomo to the level of cheating & amp; Able to belly for designer stuffs. Sad,Malaysia,know read many article fomo level cheating amp able belly designer stuff sad
2022-10-29 02:10:00+00:00,morasaki12,üìå People and civil servants need to belly to help the government (MP Langkawi Tun M) https://t.co/81beywox9e,"Johore, Malaysia",people civil servant need belly help government mp langkawi tun
2022-10-26 10:06:16+00:00,Amirulfaix,"Spend what to buy but measure your own clothes. I want to save it but do not know the belly. The important thing is that parents, siblings.
If there is a legitimate partner, take it first",,spend buy measure clothes want save know belly important thing parent sibling legitimate partner take first
2022-10-22 07:20:14+00:00,ibuumardanlilo,@Nblhas his torment should be my sister sitting there once a day. Men have to be stomach up. He was sitting in the Majidee area. I can't think that my man accepts offer time in Johor first. Diamond says his son is a yearly fee in 4k. Cry,Kuala Lumpur,torment sister sitting day men stomach sitting majidee area cant think man accepts offer time johor first diamond say son yearly fee k cry
2022-10-21 10:38:01+00:00,BENucche,"@Rashidyusoff11 @anwaribrahim eh, better padia hang ni? Assets duk juai there, for 30Ringek, order stomach, ptptn x remove, toll x remove..aes add more..yg which 1 is the heatq better? Fear we missed üôÑüôèüèª",Kuala Lumpur,eh better padia hang ni asset duk juai ringek order stomach ptptn x remove toll x removeaes add moreyg heatq better fear missed
2022-10-18 10:43:55+00:00,ruzainiraub,This month's paycheck. Stomach ties to hold until next monthü•π,Shah Alam,month paycheck stomach tie hold next month
2022-10-16 11:54:10+00:00,neyrashazeyra,"This is the reason why I want a dryer. Near the laundry, the machine dryer is all overwork the rainy season.

That's it! I'm Gonna Buy Washer & amp; Dryer. Let it be a stomach ache.",Malaysia,reason want dryer near laundry machine dryer overwork rainy season thats im gon na buy washer amp dryer let stomach ache
2022-10-16 05:31:33+00:00,peanutbahrin95,My heart is dead to find out about family. For us we have nothing. But back to the village every month. Want to blame us. All my salaries are tied up my stomach can buy what is right. This is how update the status of whatsapp story is like we are ignoring the family. Never mine.,"Fictionland, Cybernation",heart dead find family u nothing back village every month want blame u salary tied stomach buy right update status whatsapp story like ignoring family never mine
2022-10-14 15:54:56+00:00,_aainanajwa,but later mun da money money can be more stomach ache,"Kuching, Sarawak",later mun da money money stomach ache
2022-10-10 15:01:23+00:00,Feekry4u,"@f4kr0ls00d suh people tie stomach, at the same time shopping for your relatives ......
ü§¨ü§¨ü§¨ü§¨",Sitiawan/KL,suh people tie stomach time shopping relative
2022-10-10 11:56:54+00:00,safwanmajid,I have to get my stomach a few weeks since my political appointment allowance and my Special Officer Dolu2 Special Officer,"ƒ∞stanbul, T√ºrkiye",get stomach week since political appointment allowance special officer dolu special officer
2022-10-05 13:59:13+00:00,xatullee,What do you think about all the things this month is not a month ago when we are not going to have a stomach later üò´üò´,"Muo ‚Üí Klang Valley, MY",think thing month month ago going stomach later
2022-10-05 06:12:12+00:00,equeen_esmae,"Envy to die. Originally seeing people when you say a prick. If you pound, let's go, he's money. You don't have the money, you keep quiet. So he struggles his stomach diet because he wants to be thin. You're good at talking to people. Pi Kikis your face with sandpaper","Kuala Terengganu, Terengganu",envy die originally seeing people say prick pound let go he money dont money keep quiet struggle stomach diet want thin youre good talking people pi kikis face sandpaper
2022-10-04 03:19:48+00:00,safwanashadi,"If people know that people wouldn't talk like that ‚ò∫Ô∏è

Tie stomach for people's happiness.","Kedah, Malaysia",people know people wouldnt talk like tie stomach people happiness
2022-10-03 08:40:00+00:00,equeen_esmae,There's another bucket list I haven't got yet. Please please. Tie your stomach. Cuz money returns. Time not sis. For yolo ü§£üòÜ but i live twice.,"Kuala Terengganu, Terengganu",there another bucket list havent got yet please please tie stomach cuz money return time si yolo live twice
2022-10-03 07:08:00+00:00,sherina_kamal,"TIPS AVAILABLE MONTHLY üëçüèΩ

https://t.co/p0aifz6hgp https://t.co/creiqexkuz","Selangor, Malaysia",tip available monthly
2022-10-03 00:41:12+00:00,Amninabilahx,1 week left before I need to go back to campus. So you have to eat a lot later there and have a stomach ache,22,week left need go back campus eat lot later stomach ache
2022-09-29 12:59:52+00:00,Aida_kim,"Although it is a family of harness, but we think dorg is there. Because xpernah came to visit even though it was just a moment. Mom always ordered us our own efforts not to expect people. So we have 3 siblings (before being born) and they are used to it,",,although family harness think dorg xpernah came visit even though moment mom always ordered u effort expect people sibling born used
2022-09-24 08:59:10+00:00,Thiban_ben,"Economic Economy, Value The Ringgit Falls, Economic Crisis will hit, compensation for the flood victims has not been resolved now that the people have to stomach upset to face the monsoon. Pm @ismailsabri60 relax under UMNO leaders Visit while studying turtle life!",Bestari Jaya (Batang Berjuntai,economic economy value ringgit fall economic crisis hit compensation flood victim resolved people stomach upset face monsoon pm relax umno leader visit studying turtle life
2022-09-14 06:36:21+00:00,faizshukur94,"To suggest a car below RM500, I always have to know that the customer wants to buy a car with the ability not to pay for the debt. Price for Perodua Axia Gxtra

NEW AXIA 1.0AT GXTRA
OTR PRICE- *RM36,104.55 *
7 years- RM475
9 Years- RM390
ùë≠ùíñùíçùíç ùíçùíêùíÇùíè- ùëπùë¥434 https://t.co/ftndeelco0",Kuala Lumpur Federal Territory,suggest car rm always know customer want buy car ability pay debt price perodua axia gxtra new axia gxtra otr price rm year rm year rm
2022-09-12 14:51:05+00:00,bukanEXawak,"@Brgsjks if my member used to get married early, age 20 preggy goes to kitchen, grad with husband. Before marrying he could make money, he didn't even spend too much on his stomach. So he could get married to the money for a collection. For study shopping, get married.",,member used get married early age preggy go kitchen grad husband marrying could make money didnt even spend much stomach could get married money collection study shopping get married
2022-09-12 03:11:58+00:00,equeen_esmae,"But that's right. I think I have 20k pounds. One year I save 10k. Work on eating salaries. Indeed, I tie my stomach. Although there are no candidates yet. But keep it üòÖ","Kuala Terengganu, Terengganu",thats right think k pound one year save k work eating salary indeed tie stomach although candidate yet keep
2022-09-11 02:30:24+00:00,nizxmshxms,"Remember you ...

Form 4 time‚Ä¶
You turned the belly to buy a CD album.

And that CD is ...
Laskar love.

Ahhh love!",Kuala Lumpur Federal Territory,remember form time turned belly buy cd album cd laskar love ahhh love
2022-09-09 05:16:12+00:00,AkeySuhaimi,@ainuraffni is the same. Klong xnk thinks more. Not to mention the money to buy the EPF money to buy a house. For now kaklong want to enjoy lazy stomach.,Bandar Tasik Selatan,klong xnk think mention money buy epf money buy house kaklong want enjoy lazy stomach
2022-09-07 09:01:18+00:00,_aisar99,Tie this month's stomach,"Liverpool, England",tie month stomach
2022-09-02 11:51:38+00:00,Vandeeta3,"@stationsj070 yeap it's true bro..easy money but when win pru promise to be held, people ties #30hinggit","Semenyih, Selangor",yeap true broeasy money win pru promise held people tie
2022-09-02 03:26:15+00:00,moshie_mosh,"I don't have to worry about my stomach. Adam every time you go out with dad, ask for it. üòÇBut it's not the best here. üòÇüòÇ

As I said, the other test. üòó",Rasa|kemaman|kajang|muar,dont worry stomach adam every time go dad ask best said test
2022-08-30 06:38:33+00:00,hi4tuff,"It's all the people here. Tie the stomach of all the people. The minister is delicious for eating. Hey, no need to tell the people to tie the stomach if the minister is responsible for maintaining food prices",,people tie stomach people minister delicious eating hey need tell people tie stomach minister responsible maintaining food price
2022-08-27 18:25:48+00:00,hirman74,The day was to call the supposedly stomach ache in the ward. Judges when these UMNO factions do not give / withdraw the bail. UMNO rebels are not directly respected by the rule of law @myjudicyiary,"Salor, Kelantan",day call supposedly stomach ache ward judge umno faction give withdraw bail umno rebel directly respected rule law
2022-08-25 11:06:12+00:00,hafizahmad__,Expensive jugek aj4. Forced your stomach upset next month ü•≤. Even if it can be hahahaha,Bumi,expensive jugek aj forced stomach upset next month even hahahaha
2022-08-24 09:39:24+00:00,naf154,We laugh aje la .. all these while: People 'belly'; The Malays are lazy; People - Don't expect money from the government .. So what exactly have you done to please the people? People do not appreciate this unfairness by the Judiary towards Najib..pls la atok just shut up!,"Kuala Lumpur, Malaysia",laugh aje la people belly malay lazy people dont expect money government exactly done please people people appreciate unfairness judiary towards najibpls la atok shut
2022-08-23 15:19:11+00:00,frododastan,"That's right. But I was shocked to hear that there was a pity near Najib. Like wtf, this MFK never pity you. He had to pay 210 million he had eaten how much it was. You want to go eat meatball at IKEA to have a stomach a week.",Malaysia,thats right shocked hear pity near najib like wtf mfk never pity pay million eaten much want go eat meatball ikea stomach week
2022-08-20 14:15:25+00:00,MrMuza,@Syasharuslan_ can start stomach up until the end of the month ü•≤,Kuala Lumpur,start stomach end month
2022-08-19 13:42:05+00:00,ainonom,@iknowcqin bahahahhaha. It's fun to have OT. This is not an OT seems to have a two -month stomach. Seeing a skinny package look at BPü§£ü§£,Petaling Jaya,bahahahhaha fun ot ot seems two month stomach seeing skinny package look bp
2022-08-16 09:10:45+00:00,rajeazie,"Td naek canteen, open shoes ... ak pound ddk nk try to tie ... but 2/3 times ak cb xboleh2 as a big stomach..alhamdulillah dtg a sorg operator tlg to shoe ak ... tibe2 dtg rase ü•π..ya Allah thank you For the presence of good people in my life ü§≤üèª","Puchong, Selangor",td naek canteen open shoe ak pound ddk nk try tie time ak cb xboleh big stomachalhamdulillah dtg sorg operator tlg shoe ak tibe dtg rase ya allah thank presence good people life
2022-08-14 14:38:54+00:00,MrMuza,You can start a stomach upset for the next 2 weeks,Kuala Lumpur,start stomach upset next week
2022-08-12 05:17:23+00:00,yeolahv,"@Antaintiom if I was his daughter -in -law I ate. We tie our stomachs for enough, he can be a good idea",Malaysia,daughter law ate tie stomach enough good idea
2022-08-12 03:05:37+00:00,abcepaa,It's a stomach acheüò£üò£üò£,Malaysia,stomach ache
2022-08-06 05:40:43+00:00,morasaki12,"22 months as the PM of the government @pakatanharapan_ he continues to rhetoric, the country wants to go bankrupt about debt. Borrow with Japan, borrow there, borrow here üëâ Finally in the blink of a country's debt. People have to be stomach upset, don't expect subsidies üò≠","Johore, Malaysia",month pm government continues rhetoric country want go bankrupt debt borrow japan borrow borrow finally blink country debt people stomach upset dont expect subsidy
2022-08-06 03:38:08+00:00,syamimhanz,Ok guys now im officially repurposing my savings to go to Swiss. Ok bye stomach. No more branded stuffs.,Malaysia,ok guy im officially repurposing saving go swiss ok bye stomach branded stuff
2022-08-04 16:02:46+00:00,morasaki12,"Tun Mahathir and the cronies and the taikun do not even care about the hardships of the people, especially the Malays.

That was why when he (Mahathir) had the power he said not to be jealous of rich people, when the people were hard for him to tell the people to tie the stomach and do not expect government assistance.","Johore, Malaysia",tun mahathir crony taikun even care hardship people especially malay mahathir power said jealous rich people people hard tell people tie stomach expect government assistance
2022-08-04 10:56:51+00:00,hssyazlyana,"Don't think so much about this intern, just go with the flow. But if you think about it, if you have a stomach a day spend RM30 already. Office hour 9-6 but you have to leave the house 730am and return 730pm due to the bus. Is this all worth it, Oh God? üòî",Malaysia,dont think much intern go flow think stomach day spend rm already office hour leave house return pm due bus worth oh god
2022-08-02 16:40:57+00:00,sambertenang,"@heyitsmehafiz @najmiedespanik hobby can be off. Play the band for a long time. Tie stomach upset for one song. In the way, get a response. No way, the song is just a wind. The cause of the bandmate is not permanent, the commitment of the child is prioritized. Except for the Loaded Child.",Cyberjaya,hobby play band long time tie stomach upset one song way get response way song wind cause bandmate permanent commitment child prioritized except loaded child
2022-08-01 10:47:45+00:00,hnhanim,"@mohdkautharr at the minimum, can pay the commitment of the moon2 + save the money without the belly. At the maximum, ofcourse can buy whatever we want, shopping for people without counting",,minimum pay commitment moon save money without belly maximum ofcourse buy whatever want shopping people without counting
2022-07-31 14:14:52+00:00,simplet0nn,"@itnotrealme tu laaa. I xde la to the stomach we just put our planning to our salary. Which one wants to save where to invest, shopping. When he borrowed a little chaos, he had to cut planning","Kuala Lumpur City, Kuala Lumpu",tu laaa xde la stomach put planning salary one want save invest shopping borrowed little chaos cut planning
2022-07-28 03:25:14+00:00,umarehudona,Agree. Ask yourself. We know where our lives are. It is impossible for the middle of the month to be hit by a heartbeat but it is a rebellious heart. Lepastu have .. Lg2 when there is a lot of children to think. Exit the parking lot of the oil dh jln weh ..,"Pahang, Malaysia",agree ask know life impossible middle month hit heartbeat rebellious heart lepastu lg lot child think exit parking lot oil dh jln weh
2022-07-25 09:01:03+00:00,Ciksyema1990,After paying everything.,Hometown~Sandakan,paying everything
2022-07-22 05:06:48+00:00,Thiban_ben,"Hello people, please tie your stomach to save money. The country's economic and debt crisis is over 1 trillion but the people have to save. Minister of Luxury Living üôåüèª",Bestari Jaya (Batang Berjuntai,hello people please tie stomach save money country economic debt crisis trillion people save minister luxury living
2022-07-19 21:33:37+00:00,PiaPinah_MH,"The Minister is paying up ... the people of the stomach ... if this day is like this, tired of being damn ..... this is how it is ....
#cp","Kota Kinabalu, Sabah",minister paying people stomach day like tired damn
2022-07-19 00:33:39+00:00,_hx_na_,He wants to tie his stomach. Bye everybody. Can have a skinny planning plan,"Batu Pahat, Johor",want tie stomach bye everybody skinny planning plan
2022-07-18 11:14:38+00:00,yein654,Month 8 Concert Anuar Zain. Month 9 Concert of God 19. My sister invited the Billie Eilish concert. This is no longer the Siti concert ticket. 3 months of stomach ties,"Selangor, Malaysia",month concert anuar zain month concert god sister invited billie eilish concert longer siti concert ticket month stomach tie
2022-07-18 01:56:44+00:00,nmmutslaaa,SIB is good to use Axia all within budget pasta every month can eat delicious without a stomach. Just don't use iPhone but ü§≠,,sib good use axia within budget pasta every month eat delicious without stomach dont use iphone
2022-07-17 09:56:02+00:00,ab_yunos,Remember the stomach ache ...,,remember stomach ache
2022-07-08 18:17:00+00:00,ahmimad_,"And my uncle from my mom side is an addict. He didn't ask my mom money but everytime he got caught, my mom had to share money with my grandma to guarantee her. My mom has to share money to send the money to prison. While me as a child? Belly belt. Eat your size",,uncle mom side addict didnt ask mom money everytime got caught mom share money grandma guarantee mom share money send money prison child belly belt eat size
2022-07-07 12:45:50+00:00,OrangLa52912933,"@Alteregos_69 @matthewshanmu10 i tweet and like
which
""Sanusial"" that
Thank you
After all, the people's news is new to the stomach and not to rely on the DAP and PHANCANEG SERVICE ENE
TAJRBRRRRRRRRRRRRRRRRR",,tweet like sanusial thank people news new stomach rely dap phancaneg service ene tajrbrrrrrrrrrrrrrrrrr
2022-07-05 07:56:40+00:00,sourplumx2,"Keep asking people to tie your stomach, your stomach is a bribe where it is .. hate it",üá≤üáæ,keep asking people tie stomach stomach bribe hate
2022-07-04 14:20:22+00:00,Mohdfaiz13,"@Syafiqabum @razlanrafii about inflation here is a subsidy because the power of buying is increasing because the price of the goods is still a lot to buy. The time of the government after the recession, many lost their jobs before the CPP. Definitely tell the government to help the government, USD 1 is still RM4.","Shah Alam, Selangor",inflation subsidy power buying increasing price good still lot buy time government recession many lost job cpp definitely tell government help government usd still rm
2022-07-04 01:15:56+00:00,JamalThaRebel,"@hanzsolobsp is angry. Why do you think Misken likes to be angry. Have breakfast yet, to get stomach upset because my family has no money","Mont Kiara, KL",angry think misken like angry breakfast yet get stomach upset family money
2022-07-03 08:23:09+00:00,RameshRaoAKS,@Malaysiagazette is not a royal stomach like a pact,"Bandar Kuala Lumpur, Wilayah P",royal stomach like pact
2022-07-01 16:40:51+00:00,FatinKhalil,"Thanks for the endless sustenance. The end of the month can eat delicious. The beginning of the month. Even a lot of months of stomach can still eat well. Hurm, for everything happened. God is still with me kamil ü•∫",Kuala Lumpur.,thanks endless sustenance end month eat delicious beginning month even lot month stomach still eat well hurm everything happened god still kamil
2022-06-27 11:01:57+00:00,frifhan,@JesImamin Oh God Tin. I think I want to tie a gift to her stomach,kuala lumpur,oh god tin think want tie gift stomach
2022-06-26 01:18:25+00:00,DumanGonsu,"Let me study stomach tie, how to buy a rope in the store and continue to tie it. https://t.co/ijn6ilqky8","Sabah, Malaysia",let study stomach tie buy rope store continue tie
2022-06-23 13:52:30+00:00,syirasuman,I think I can tie it up now ..... take care of it.,Malaysia,think tie take care
2022-06-23 12:31:27+00:00,komunitisaham,"Between two degrees.

One should be stomach, another can be an additional allowance of up to RM 480 k

Hok ni is a bit of a dock kate ‚ÄúThe rich get richer & amp; The Poor Get Poorer ‚Äùhttps://t.co/rvlvexxme5",Malaysia üá≤üáæ,two degree one stomach another additional allowance rm k hok ni bit dock kate rich get richer amp poor get poorer
2022-06-23 05:01:07+00:00,d_banggol,@Dencishahrizal All subsidies are withdrawn. People tie their stomachs. No matter how much we look for help for B40 he said ... the other groups ...,,subsidy withdrawn people tie stomach matter much look help b said group
2022-06-22 23:54:25+00:00,yaakub_abu,"@bawangmana belly, wear barbecue https://t.co/w7g87ke6qc",,belly wear barbecue
2022-06-22 12:09:53+00:00,encikzapa,"Many do not understand the term help.
Today is called additional help.
So before this RM400, it will get RM500. Who wants to share it?

Do you want PH? She told her to tie her stomach later üòÖ","Kuala Lumpur,Puchong,Putrajaya",many understand term help today called additional help rm get rm want share want ph told tie stomach later
2022-06-21 06:16:33+00:00,Mohdfaiz13,"@Hamdanrukun used to say lazy, be sure to order stomach & amp; Don't be jealous of rich people.","Shah Alam, Selangor",used say lazy sure order stomach amp dont jealous rich people
2022-06-20 23:34:29+00:00,solehkyo,May all those who have ever felt stomach ache for food will be blessed in the future,"Perak, Malaysia",may ever felt stomach ache food blessed future
2022-06-20 12:08:18+00:00,pinkpistachio96,I need to tie my stomach from a good meal. Just because of saving money ü•π,"Malaysia, Kuala Lumpur.",need tie stomach good meal saving money
2022-06-19 17:47:53+00:00,Nis_Ross,Many students will find it difficult to get access to nutritious food. It hurts. Because he has to tie his stomach to save. Had to eat egg rice all day long. But that's it. See many supports.,State Of 9,many student find difficult get access nutritious food hurt tie stomach save eat egg rice day long thats see many support
2022-06-16 03:14:50+00:00,Suraya4Aziz,"The UMNO clubs with this minister who are supposedly concerned about this is not another job eh?

Hoi! Malay boys near IPTA/IPTS days of stomach ache, PTPTN debt, life begging you don't see eh?

Serious laaa you all are out of touch with the people of marhaen!

Crazy!","Petaling Jaya, Selangor",umno club minister supposedly concerned another job eh hoi malay boy near iptaipts day stomach ache ptptn debt life begging dont see eh serious laaa touch people marhaen crazy
2022-06-16 00:30:28+00:00,srahnst,"Sad to see, how many local uni students depend on PTPTN stomach ache once a day, but those who sit in London are ready to travel Europe to add an allowance.

Indeed, the end and the end of time are true.","Petaling Jaya, Selangor",sad see many local uni student depend ptptn stomach ache day sit london ready travel europe add allowance indeed end end time true
2022-06-15 01:26:25+00:00,Hamba11_,"Just like the Minister in Isketambola Malaysia. The people of the stomach, ministers and families are located in the country's property.",,like minister isketambola malaysia people stomach minister family located country property
2022-06-12 02:18:49+00:00,amolnisrino,The car is starting to get the parking on top of the stomach.,KL || MANJUNG ‚öí,car starting get parking top stomach
2022-06-08 07:56:05+00:00,RameshRaoAKS,"Thai and Vietnam (the 2nd producer & the 3rd largest rice world) TGH discusses the possibility of rising rice prices

Pork in Thai pounds rose 19% compared to last year, Tin Sardine went up 12%

Ladies, the Pakatan Harapan people in the people were told to be stomach,","Bandar Kuala Lumpur, Wilayah P",thai vietnam nd producer rd largest rice world tgh discus possibility rising rice price pork thai pound rose compared last year tin sardine went lady pakatan harapan people people told stomach
2022-06-08 02:23:44+00:00,mluthfiramli,"@Okinafitto tu lah. These young people are all underpaid. Under 2k salaries, even credit cards, want to install more motorcycles.

Some people have to tie their stomachs for important needs.","Ampang, Wilayah Persekutuan Ku",tu lah young people underpaid k salary even credit card want install motorcycle people tie stomach important need
2022-06-07 03:22:03+00:00,api_alat,"Fish, fried fish.
Good to eat, eel fat.
The style of buying, people are.
In the middle of the month, belly.",,fish fried fish good eat eel fat style buying people middle month belly
2022-06-02 15:16:44+00:00,dojeemxx,"@501awani is easy to get back. Cut spending for official occasions, and everything. Learn a little bit of the stomach of the child. The people can, they will not.","Kieve, Deutschland",easy get back cut spending official occasion everything learn little bit stomach child people
2022-05-30 15:34:28+00:00,bas0ng,"500 thousand GAs, but for the cost of your liverpool, you have to tie up your stomach until next month.
Proudly proud of Liverpool game üôÇ",,thousand gas cost liverpool tie stomach next month proudly proud liverpool game
2022-05-27 14:42:08+00:00,rafhanahross,Poor crazy doe my friend has raised money to get married. The bad work was crazy until the last last Hanet girlfriend left her üò© I knew she wanted attention but the break up was not the only solution.,"Temerloh, Pahang",poor crazy doe friend raised money get married bad work crazy last last hanet girlfriend left knew wanted attention break solution
2022-05-25 16:21:27+00:00,ahmdzamirr,Now eating 8 eats 2 times a day a week of 50 lak fuh oils here,Warung Pak Jabit,eating eats time day week lak fuh oil
2022-05-23 22:11:52+00:00,WilliamChua007,@hmetromy canai bread rm0.50? Can share location. Now the price of everything has gone up. We need to tie up our stomachs and practice a good attitude.,"Selangor, Malaysia",canai bread rm share location price everything gone need tie stomach practice good attitude
2022-05-18 07:48:01+00:00,F_SyimaM,"Last night watched 100kg in Netflix
Sherry says, want to tie a husband to get her stomach
Of course Sharifah Amani said, the proverbial proverb used to oppress the women

I cam ... erkkk","Setapak, Selangor",last night watched kg netflix sherry say want tie husband get stomach course sharifah amani said proverbial proverb used oppress woman cam erkkk
2022-05-18 04:20:29+00:00,rhshzar,"Let people look great, but belly until the end of the month. It's great on the streets, but the house is flat. ü§™

The car is a liability. Do you understand?",,let people look great belly end month great street house flat car liability understand
2022-05-17 08:39:19+00:00,wahab388,"@501awani Tun Easy to forget .. Self -resignation, No one threw him away, 22 months as PM, Tun told us to belly, üòÅüòÅüòÅüòÅ",Petaling Jaya and Penang,tun easy forget self resignation one threw away month pm tun told u belly
2022-05-16 12:16:37+00:00,morasaki12,22 years + 22 months for the post of PM,"Johore, Malaysia",year month post pm
2022-05-12 14:15:59+00:00,azziqaziz,Hahahaha Reduce sugar yes and need to tie your stomach #debatperdana,"Selangor, Malaysia",hahahaha reduce sugar yes need tie stomach
2022-05-12 14:15:33+00:00,Zkwxnn,"Anwar: If it's hard to tie.
Najib: If sugar prices rise, reduce sugar.

#Debatperdana",Leave Me Alone üôáüèª‚Äç‚ôÇÔ∏è,anwar hard tie najib sugar price rise reduce sugar
2022-05-11 23:48:13+00:00,muhdfirzuan,"kdg2 people who make 2/3 of the stomach tie work ta2 dorg, the candidate does not yet exist,

But Dorg is forced to make because if you expect 1 source of income, JE is not enough, not all people start the salary of RM5-10K/MONONHLY",kuala lumpur (city life),kdg people make stomach tie work ta dorg candidate yet exist dorg forced make expect source income je enough people start salary rmkmononhly
2022-05-11 00:40:47+00:00,IganatiaEbi,"@traxxfmofficial @elsdins @alvinsinclair I was in Rotu which is actually a curriculum during uni, & amp; Since I earned money I consider it as a job. And I purposely join that because of the allowance. Besides, uni students are meant to be broke, eating maggi & amp; 'Stomach Tie' is all part of the experience",Malaysia,rotu actually curriculum uni amp since earned money consider job purposely join allowance besides uni student meant broke eating maggi amp stomach tie part experience
2022-05-09 14:29:24+00:00,mhmmdmrl_,This month is overspend. Start Start StomachüòÆ‚Äçüí®,"Malacca, Malaysia",month overspend start start stomach
2022-05-08 00:13:03+00:00,MohdShubhi,"Better with the neighbors

Q: Don't you go back to Terengganu?
A: Back!
S: Jem tak?
A: No jam, no la!

That's exactly what he said. All these challenges are further highlighted by the festive day.
It just felt the excitement.

Happy stomach all!","Petaling, Selangor",better neighbor q dont go back terengganu back jem tak jam la thats exactly said challenge highlighted festive day felt excitement happy stomach
2022-04-23 07:59:21+00:00,xnurulhudax,The beginning of the month's money is over to the car at the end of the month of the stomach.,Taiping,beginning month money car end month stomach
2022-04-21 14:06:41+00:00,fieza_sudin,Fasting is supposed to feel the hardships of the poor. It's not even a fasting month to fasten and to swallow saliva when we see us eating. Suddenly the month of fasting when there is a non-Muslim/people cannot fast and eat triggered.,"Anfield, Gombak",fasting supposed feel hardship poor even fasting month fasten swallow saliva see u eating suddenly month fasting nonmuslimpeople fast eat triggered
2022-04-19 12:27:56+00:00,OchiShoveeya,@Azumiazuka @justb_official should be tied to the stomach of the mint ...,"Yogyakarta, Indonesia",tied stomach mint
2022-04-10 07:46:46+00:00,Haswani_Azizi,Next month RM400 a month. Get ready later. Belly belt.,"Kulim, Kedah",next month rm month get ready later belly belt
2022-04-09 02:06:09+00:00,Aisamuddin_Nur,"""Is there necessary 'belly tie' to be rich?""

No need.

The large boarding house that imposes most of our authority from our SARA boarding house.

But lifestyle boarding house.

So a lifestyle that doesn't have been that needs to be ""tied"", not a stomach tie!","Tanjong Malim, Perak",necessary belly tie rich need large boarding house imposes authority sara boarding house lifestyle boarding house lifestyle doesnt need tied stomach tie
2022-04-08 16:58:23+00:00,petanirumah,"Hernia is derived from the Latin language of the hernia, which stands out the contents of a cavity through a weak tie network on the wall of the cavity that forms the pockets with a ring door, this hernia often occurs in the abdominal area with the contents of the intestine.","Pekan Baru, Riau",hernia derived latin language hernia stand content cavity weak tie network wall cavity form pocket ring door hernia often occurs abdominal area content intestine
2022-04-07 06:05:35+00:00,yanasyrfftxn,"The person is stomach upset, hold on to this shopping for saving. It's hard to raise money, sacrifice a variety of will. You don't want to save, it's wasteful. When you have an emergency, borrow it to people who are struggling to save .. üòï Hopefully there is less Learned.",MARL,person stomach upset hold shopping saving hard raise money sacrifice variety dont want save wasteful emergency borrow people struggling save hopefully le learned
2022-04-05 15:59:53+00:00,kiddiepax,B4 Category is not worth the help. But the stomach is stomach. Pay the same taxes like others. Hmm ...,,b category worth help stomach stomach pay tax like others hmm
2022-04-01 09:54:06+00:00,n_sffr,"Right. A month with a phone spare battery is damaged, then when the screen is okay the battery is damaged. like. It's okay to have no money, the sale is right in, the stomach is going to eat .. a good pressure buy new but no money is not to deal with. https://t.co/4gtc9k6txw",Malaysia,right month phone spare battery damaged screen okay battery damaged like okay money sale right stomach going eat good pressure buy new money deal
2022-03-30 06:52:00+00:00,GhazaliResab,Some female students from Kelantan can pay PTPTN loans & amp; Send back to the village Helping her parents tapping rubber by students to get PTPTN & amp; Divorce HP scholarships Thousands of motorcycles and buy things that need to be eaten,,female student kelantan pay ptptn loan amp send back village helping parent tapping rubber student get ptptn amp divorce hp scholarship thousand motorcycle buy thing need eaten
2022-03-30 03:33:36+00:00,ardinazabidi,"Even my family M40 pounds I understand when I say ""stomach up"". Mother's money is there but sometimes afraid to ask. There have been many times when people ask ""eat?"" , can tell me not to eat dinner, as the afternoon II cost a little ü§£ü§£","Parit Buntar, Perak",even family pound understand say stomach mother money sometimes afraid ask many time people ask eat tell eat dinner afternoon ii cost little
2022-03-29 11:07:14+00:00,NurShakilaa,"The head of the head of the brain is empty. The people of the marhaen are the end of their lives and the dock survives for survival. We just went up the basic min and that was hundreds of studies to do. Hundreds of thousands of dollars, all allowances. We want to get a moon bill even to get a belly!",Penang | Kuantan,head head brain empty people marhaen end life dock survives survival went basic min hundred study hundred thousand dollar allowance want get moon bill even get belly
2022-03-28 08:37:07+00:00,realyuyun,"Thank God the car loan settles. Time to re -tie ü§£ Bye this month's pay hahahah, twas a short meet up with you ü•≤üí∏ https://t.co/nkydqgqjmn","Setul, Negeri Sembilan",thank god car loan settle time tie bye month pay hahahah twas short meet
2022-03-27 08:31:30+00:00,lizasabarina,"@Simpletoned up grab. I don't like to have a headache, headache. Just save money, belly a little. That's me. Other people I know. * X can heat, sweat. Easy to dizzy.","Ulu Langat, Selangor",grab dont like headache headache save money belly little thats people know x heat sweat easy dizzy
2022-03-25 13:41:18+00:00,amolnisrino,The end of the month of college is a stomach ache.,KL || MANJUNG ‚öí,end month college stomach ache
2022-03-25 13:36:29+00:00,Aisamuddin_Nur,"""Is it necessary to 'belly' for rich?""

No need.

The huge cost of financing most of us is not the cost of living.

But the cost of lifestyle.

So it's a lifestyle that needs to be ""tied"", not a stomach!

Mentor Mohd Zulkifli Shafie","Tanjong Malim, Perak",necessary belly rich need huge cost financing u cost living cost lifestyle lifestyle need tied stomach mentor mohd zulkifli shafie
2022-03-24 03:15:19+00:00,EdanShila,"@Mrizuanmh joined just to overthrow the BN. After that, they are not jealous of the rich.",Kuala Lumpur,joined overthrow bn jealous rich
2022-03-21 03:58:54+00:00,xnx_xhmxd,"@SOULZESHIFTER @vampurrn @azfarovski and the guys, wear a sour fabric under the stomach, and even the rate is bad ü§™",shah alam,guy wear sour fabric stomach even rate bad
2022-03-16 12:46:12+00:00,FAliaHMS,"Do not remove, if possible. Let the stomach tie it now for the comfort of the future. That's just me, you want to take it out too, do it.",Kuala Lumpur City,remove possible let stomach tie comfort future thats want take
2022-03-13 12:49:33+00:00,morasaki12,"The number of votes can actually be the number of members in the area.

If 30 votes, 30 members are there.

People have to be despised, people have to be tied up, they have to label labels, do not envy them. It would not be that the johor would vote for the party.","Johore, Malaysia",number vote actually number member area vote member people despised people tied label label envy would johor would vote party
2022-03-07 10:40:08+00:00,siachrstrosie,"It hurts the hand of the salonpas. The hot koyo has lost the new replacement.

Put it only on the back, stomach, ribs, neck with shoulders now that it doesn't make sense like a waist. It hurts Jesus E ..",Saturn - Ende,hurt hand salonpas hot koyo lost new replacement put back stomach rib neck shoulder doesnt make sense like waist hurt jesus e
2022-03-06 14:30:18+00:00,Nora_Hx,"@Thehulkey slow2 Reduce Monthly Expenses. What can be cut, cut. Instead of ordering stomach, but not. Spending all of your income is a No No. There should be a 1/5 saving of salary. With extra money, close expenses 1-1. It's getting more and more extra money for greater saving.",Malaysia,slow reduce monthly expense cut cut instead ordering stomach spending income saving salary extra money close expense getting extra money greater saving
2022-03-05 13:20:49+00:00,alohapuj,Stomach ties to buy tickets & amp; Watch Jazz Prambanan. Bismillah,Solo,stomach tie buy ticket amp watch jazz prambanan bismillah
2022-03-02 06:31:54+00:00,morasaki12,"Don't appoint a bandit government anymore.

All the money and property of the people have to whip.

The country's assets are selling, Petronas until he is dry.

The people have to tie up that time ü§®! https://t.co/lm95nsit2j","Johore, Malaysia",dont appoint bandit government anymore money property people whip country asset selling petronas dry people tie time
2022-02-27 23:41:37+00:00,asrulaffendi13,This belt is not a pair of pants .. he's a stomach ache,"Bandar Melaka, Malacca",belt pair pant he stomach ache
2022-02-26 20:11:05+00:00,wantogey,Hehehe next month to make money a little more hehehehehe a lot of things to get it hehehehe tinted car already nazak hehehehehe want to go again two weeks hehehe end of the month stomach hehehe,Penang,hehehe next month make money little hehehehehe lot thing get hehehehe tinted car already nazak hehehehehe want go two week hehehe end month stomach hehehe
2022-02-22 02:47:03+00:00,rashdanmarzuki,@cencarubakar @aimiafrina_ don't want to go to your daily tweet because you want to pay for a car,"Johore, Malaysia",dont want go daily tweet want pay car
2022-02-21 04:25:02+00:00,sayaaqbar,"The experience of teaching that day, the disciplinary teacher will seize who brings the phone. But it will be returned time. HP is the personal property of the students, do not do that (in VID). The goods are bought with halal money, some who get stomach to buy a phone.","Hulu Selangor, Selangor",experience teaching day disciplinary teacher seize brings phone returned time hp personal property student vid good bought halal money get stomach buy phone
2022-02-16 12:27:34+00:00,wahab388,@saifulv39 The stomach is the answer to the people of Johor.üòÇüòÇüòÇ,Petaling Jaya and Penang,stomach answer people johor
2022-02-12 04:19:26+00:00,tedadnan,"Saturday 12th February 2022.

#Alhamdullilah, #Video Job Event has begun to enter after a long ""belly"" #Covid19 crime from this evil #CCP country.

Hopefully there is no ""lockdown"" #pkp, amek-Booster shot all brothers & amp; miss. https://t.co/7w5niw8iae","Kuala Lumpur, Malaysia. ",saturday th february job event begun enter long belly crime evil country hopefully lockdown amekbooster shot brother amp miss
2022-02-07 12:04:52+00:00,dreyse_kim,I mean belly from eating outside. üòå,KUL || SBN ‚úàÔ∏è,mean belly eating outside
2022-02-07 11:59:08+00:00,dreyse_kim,This month has to be a little stomach ache because you have to pay for the convo robe. Convo has my own thing. ü•≤,KUL || SBN ‚úàÔ∏è,month little stomach ache pay convo robe convo thing
2022-02-03 14:46:52+00:00,FarrahWahida_,"People see us as we have money, people don't see how we struggle to make money and belly.",Malaysia,people see u money people dont see struggle make money belly
2022-02-02 01:41:36+00:00,fifinaaa_,When the man in the middle of the stomach is enough for enough 10 15k money. What do you do?,"Kelantan, Malaysia",man middle stomach enough enough k money
