Datetime,Username,Text,Location,Cleaned_Tweets
2023-03-30 23:08:12+00:00,itsasejliane,"Goodmowning My Mon, how are you today? Dont skip meals,  stay healthy and keep smiling! Be positive always! Fighting #Beckysangels https://t.co/pDqRuTMopD",Republic of the Philippines,goodmowning mon today dont skip meal stay healthy keep smiling positive always fighting
2023-03-30 21:27:03+00:00,hfdiaryyy,"the way he stand and say ""don't skip tour meals"" ğŸ˜­ğŸ˜­ğŸ˜­",Malaysia,way stand say dont skip tour meal
2023-03-30 19:03:28+00:00,Rezzy621,@THES0N0FS4M Yeah (but tbh im not a fan of breakfast i skip breakfast and just go for either brunch or lunch 2 meals a day keep the sanity intact),Republic of the Philippines,yeah tbh im fan breakfast skip breakfast go either brunch lunch meal day keep sanity intact
2023-03-30 10:45:21+00:00,hueblue_bubbles,"you busy now kid? Yeah im greedy you just posted but I wanna more it's not enough, i wanna hear your voice, your laugh ğŸ¥¹ğŸ¥¹ even if you're busy juggling between working and study make sure you get enough sleep and don't skip your meals. I love you ğŸ–¤ğŸ–¤
#BibleWichapas @biblesumett",Thailand,busy kid yeah im greedy posted wan na enough wan na hear voice laugh even youre busy juggling working study make sure get enough sleep dont skip meal love
2023-03-30 04:04:05+00:00,0xgraciegegz24,Lunch time. Don't skip your meals. ğŸ™Œâ¤ï¸,Republic of the Philippines,lunch time dont skip meal
2023-03-29 16:37:00+00:00,Nrxinn10,"@itscharlotty No matter what will happen on that day or in future, I'm always here to keep on supporting &amp; loving you na ka ğŸ«¶ğŸ¼ don't overthink of it, you've improve a lots in singing! ğŸ¥¹ Enjoy the show &amp; do your best na ğŸ˜˜ have a good rest &amp; don't skip your meals! ğŸ¤ Su su na!ğŸ˜š Love youğŸ¤ŸğŸ¼",Malaysia,matter happen day future im always keep supporting amp loving na ka dont overthink youve improve lot singing enjoy show amp best na good rest amp dont skip meal su su na love
2023-03-29 14:51:08+00:00,YasiyaElle,"Speedy recovery my baby boo Freen. Rest well , don't skip your medicines/meals &amp; comeback stronger. 
#GetWellSoonFreen",Malaysia,speedy recovery baby boo freen rest well dont skip medicinesmeals amp comeback stronger
2023-03-29 13:00:30+00:00,mhtcmalaysia,"ğŸŒ±ğŸ‘¶ Skip the bad fats, put down the tempting junk foods, and choose nutrient-rich meals to nourish your body and fertility journey! 

Ultimately, the food you consume plays a crucial role in your ability to conceive.  Hear from nutritionists today at https://t.co/UZ0CdtKkeZ ! https://t.co/fjTgenYu03",Malaysia,skip bad fat put tempting junk food choose nutrientrich meal nourish body fertility journey ultimately food consume play crucial role ability conceive hear nutritionist today
2023-03-29 02:11:57+00:00,nft_heavelle,"Gm gm everyone! Happy Wednesday! A busy and productive day for me.  Still, I hope all of you are having a great day. Make sure you don't skip any of your meals and water before starting your day. Always check your posture and 15 mins standing up always help. Take care! ğŸ˜ŠğŸ«¶","Manila, Philippines",gm gm everyone happy wednesday busy productive day still hope great day make sure dont skip meal water starting day always check posture min standing always help take care
2023-03-29 01:48:45+00:00,AndciderTapsi,"""Good! Just make sure you don't get hungry because it's really bad. So please make your tummy always happy so you will be more cuter than before, 'kay?
-ğŸŒ¹"" - Okay! Thank youuuuu you should not skip meals too omkie? ğŸ˜Š #tellonym  https://t.co/RPOkyKGSsm",Republic of the Philippines,good make sure dont get hungry really bad please make tummy always happy cuter kay okay thank youuuuu skip meal omkie
2023-03-28 04:55:53+00:00,BBB_LilLover,"My Loves Good Morning ğŸŒğŸ’™ğŸ–¤
Did U two eat Ur breakfast? I hope U did.Plz don't skip Ur meals. Eat a lot nd Drink a lots of water. Stay Hydrated nd hv Fruits too
Take Care of Urself nd Don't overwork so much tht U overlook Ur Health
LOVE U #BibleBuild
#BuildJakapan #BibleWichapas https://t.co/vCMPLKVPS0",Thailand,love good morning u two eat ur breakfast hope u didplz dont skip ur meal eat lot nd drink lot water stay hydrated nd hv fruit take care urself nd dont overwork much tht u overlook ur health love u
2023-03-27 03:21:46+00:00,nft_heavelle,Good morning everyone! I hope all of you are alright and safe. This would be a crucial day for me because of my tooth treatment but I'm sure I'll be alright. Make sure you guys didn't skip your meals and water. Always check your posture. Always take care! Have a great day! â˜ºï¸ğŸ’•,"Manila, Philippines",good morning everyone hope alright safe would crucial day tooth treatment im sure ill alright make sure guy didnt skip meal water always check posture always take care great day
2023-03-26 22:46:19+00:00,AndciderTapsi,"""Have a wonderful sleep, after you wake up later  have a great morning because it's monday today. Eat breakfast and enjoy the rest of the day.
-ğŸŒ¹"" - Will do! You have bfast too okay? Dont skip meals! Also have a grape day! â¤ï¸ #tellonym  https://t.co/mgbSKzQ31v",Republic of the Philippines,wonderful sleep wake later great morning monday today eat breakfast enjoy rest day bfast okay dont skip meal also grape day
2023-03-26 09:21:13+00:00,walkingwoon,"baby you look so fresh today.
please stay healthy and don't skip your meal. having meals 3 times a day is a must. less carbo many vegetables, protein for you are okay. it is good for your stomach and gastric. ğŸ™ğŸ» 
@CwrNew 
#NuNew 
#à¸™à¸¸à¸™à¸´à¸§xMakroPRO",Indonesia,baby look fresh today please stay healthy dont skip meal meal time day must le carbo many vegetable protein okay good stomach gastric xmakropro
2023-03-26 06:09:21+00:00,__last_letter_z,"I know you're a workaholic. But sir, this is insane ğŸ™‚ğŸ™‚
Anyway, try not to skip any meals and drink lots of water. Thank you ğŸ™‚ğŸ™‚
@jeffsatur su su na ka ğŸ’ªğŸ»ğŸ’ªğŸ»ğŸ«¶ğŸ»ğŸ«¶ğŸ»ğŸ’›ğŸ’›ğŸªğŸª","Central Java, Indonesia",know youre workaholic sir insane anyway try skip meal drink lot water thank su su na ka
2023-03-24 07:04:42+00:00,haegirl25,"Good morning my sunshine.... have an amazing day.  Dont skip ur meals and eat well. Missing u so much ğŸ’™.
#BuildJakapan #Beyourluve https://t.co/bL83y3LFbw",Thailand ,good morning sunshine amazing day dont skip ur meal eat well missing u much
2023-03-19 05:05:26+00:00,i43pjay,reached 3k moots today &gt;___&lt; hope we'll interact more. pls take a good care of yourselves and don't skip your meals :3 i love you â™¥ï¸ https://t.co/WVaRQXwiNC,she ,reached k moot today gtlt hope well interact pls take good care dont skip meal love
2023-02-23 07:18:53+00:00,debdipbasu,"@dailychartbook @awealthofcs @DQYDJHQ Probably many. Infact a combination of tofu &amp; lentils for protein, home made coffee instead of Starbucks and giving up on avocado toasts can probably propel them to make many more millions. Once you skip meals, effect of compounding will be astonishing!",Singapore,probably many infact combination tofu amp lentil protein home made coffee instead starbucks giving avocado toast probably propel make many million skip meal effect compounding astonishing
2023-02-13 23:16:39+00:00,SJoevelin,"HAPPYVALINTINES-Babe85-secret-room-cctv-CambridgeğŸ•—ğŸ•£â€”ğŸ’´ loveyounicknameğŸ™‚ğŸ™ƒğŸ˜‰ğŸ˜‡ğŸ‘‹ğŸ‘ğŸ™Œâ˜»ï¸ğŸ–¤ğŸ§ ğŸ‘€ğŸ‘...
Good'morning-good-night-honey iloveyounickname LuisManzano-I'mdaddyjesuschrist.timeanddate don't skip your  mealsâ€”#â›†â˜‚â˜”ğŸ´ğŸ¥‰ğŸ¥©ğŸ–ğŸ–ğŸ…ğŸ¥‡... https://t.co/nrIUiF4KRq",km 4 brgy luna surigao city,happyvalintinesbabesecretroomcctvcambridge loveyounickname goodmorninggoodnighthoney iloveyounickname luismanzanoimdaddyjesuschristtimeanddate dont skip meal
2023-02-10 04:38:46+00:00,mayceesugarol,"Just submitted an article on adrenal function and a tip I gave there which is to not skip meals esp. breakfast, but having my first meal of the day at 12:38pm","Cebu City, Philippines ğŸ‡µğŸ‡­",submitted article adrenal function tip gave skip meal esp breakfast first meal day pm
2023-02-10 02:36:53+00:00,SJoevelin,"âœ…âœ”â˜‘ Good'morning-good-night-honey iloveyouuuuuuuunickname LuisManzano-I'mdaddyjesuschrist.timeanddate don't skip your  mealsâ€”#â›†â˜‚â˜”ğŸ´ğŸ¥‰ğŸ¥©ğŸ–ğŸ–ğŸ…ğŸ¥‡...âœ…âœ…âœ”Kobe Bryant Mamba knows me called me juvenile, 
Kobe Bryant Mamba shadow he always cares me a lotâ€”ğŸ˜‚ğŸ˜ğŸ˜† shadowing own me. https://t.co/ff2cESY8Xh",km 4 brgy luna surigao city,goodmorninggoodnighthoney iloveyouuuuuuuunickname luismanzanoimdaddyjesuschristtimeanddate dont skip mealskobe bryant mamba know called juvenile kobe bryant mamba shadow always care lot shadowing
2023-02-10 02:35:59+00:00,SJoevelin,âœ…âœ”â˜‘ Good'morning-good-night-honey iloveyouuuuuuuunickname LuisManzano-I'mdaddyjesuschrist.timeanddate don't skip your  mealsâ€”#â›†â˜‚â˜”ğŸ´ğŸ¥‰ğŸ¥©ğŸ–ğŸ–ğŸ…ğŸ¥‡... https://t.co/S9s8ZB3FzQ,km 4 brgy luna surigao city,goodmorninggoodnighthoney iloveyouuuuuuuunickname luismanzanoimdaddyjesuschristtimeanddate dont skip meal
2023-02-01 10:09:54+00:00,Azpapip,@AinZainuddn Never skip meals. Nanti gastric. I used to do that till dapat colitis &amp; bad gastric &amp; admit hosp. We are replaceable. Take care â˜ğŸ»,Kuala Lumpur Federal Territory,never skip meal nanti gastric used till dapat colitis amp bad gastric amp admit hosp replaceable take care
2022-12-28 13:57:48+00:00,jannahzamrii,"They know me frustratingly well ğŸ˜‚ They know iâ€™ll skip lunch unless we go have meals together. Cause i dont like eating alone, &amp; i dont have the appetite to eat when iâ€™m tired .. so usually iâ€™ll skip lunch and straight have dinnerâ€¦","Central Region, Singapore",know frustratingly well know ill skip lunch unless go meal together cause dont like eating alone amp dont appetite eat im tired usually ill skip lunch straight dinner
2022-11-23 13:27:12+00:00,SJoevelin,"Attorney's Fabian Rafael-ğŸ¤£ Manzano joevelin maatubang-ğŸ¥¤ silvosa-ğŸ¥ˆğŸ—£ case-ğŸ° Dismiss.
Yes-Babe-secret-room-cctv-Cambridge Alejandro-âš— Luis-ğŸ€ Manzano-I'm-ğŸŒ½ ğŸ’´.
Good'morning honey-ğŸ‘‹! Don't skip your meals-ğŸ¥©ğŸ´.
I love you-ğŸ§’ğŸ§˜â€â™‚ï¸ honey.
I miss you-ğŸ§˜â€â™‚ï¸ğŸ§˜â€â™€ï¸!
Take care babe. https://t.co/Df6FtRw5nM",km 4 brgy luna surigao city,attorney fabian rafael manzano joevelin maatubang silvosa case dismiss yesbabesecretroomcctvcambridge alejandro luis manzanoim goodmorning honey dont skip meal love honey miss take care babe
2022-10-30 23:44:47+00:00,SJoevelin,"Yes-Babe-secret-room-cctv-Cambridge ğŸ’´.
Good'morning honey...
Early good-night baby...
Don't skip your meals...
Take care...
Regards family-M...https://t.co/UbR8xyrIHA https://t.co/xrgrKKMk8X",km 4 brgy luna surigao city,yesbabesecretroomcctvcambridge goodmorning honey early goodnight baby dont skip meal take care regard familym
2022-10-21 14:46:16+00:00,Kris_404_p,"@Geno5787 Itâ€™s also got 5 types of protein in a mix (whey, casein, egg albumin etc). Iâ€™ve gotten pretty good results with it.

Idk if itâ€™s a placebo effect but it also keeps me pretty full?

I skip meals a lot (and IF) so sometimes a protein shake at 4pm is my first â€œfoodâ€ intakeâ€¦","Panglao, Central Visayas",also got type protein mix whey casein egg albumin etc ive gotten pretty good result idk placebo effect also keep pretty full skip meal lot sometimes protein shake pm first food intake
2022-10-10 03:41:08+00:00,Maryjan82838666,@Bunnykook090197 That's good and good be safe and be healthy always don't skip meals good luck and good bye,,thats good good safe healthy always dont skip meal good luck good bye
2022-10-09 15:40:58+00:00,llanowaaa,Baca comment kt fb psl gastric n gerd ni i promise tk nak skip meals dah ğŸ˜­,,baca comment kt fb psl gastric n gerd ni promise tk nak skip meal dah
2022-09-23 16:07:47+00:00,lililyx97,haechan ğŸ˜­ donâ€™t skip your meals bb,,haechan dont skip meal bb
2022-09-22 17:00:09+00:00,jerrehtan,@MightyMouseyIO Dinner. Dinner is always important. Donâ€™t skip your meals my fren,Singapore,dinner dinner always important dont skip meal fren
2022-07-29 17:59:54+00:00,Abu_Bin_Aslan,"Tips to help you lose weight

Do not skip breakfast. Skipping breakfast will not help you lose weight. ...

Eat regular meals. ...

Eat plenty of fruit and veg. ...

Get more active. ...

Drink plenty of water. ...

Eat high fibre foods. ...

ğŸ–¤https://t.co/3oNJkXsYKCğŸ–¤ https://t.co/dDy6rACAel",United States,tip help lose weight skip breakfast skipping breakfast help lose weight eat regular meal eat plenty fruit veg get active drink plenty water eat high fibre food
2022-07-21 01:59:36+00:00,sheismarlagapas,"On the other side - let your heart skip a beat, stress out, skip meals, get drunk, be lazy, procrastinate, drown in loneliness, isolate, let go of toxic family and friends, fail your exams, be in debt, be heartbroken, be heartless, cry, give up your dreams, be hopeless, die...",,side let heart skip beat stress skip meal get drunk lazy procrastinate drown loneliness isolate let go toxic family friend fail exam debt heartbroken heartless cry give dream hopeless die
2022-07-19 18:20:06+00:00,AdilaKadir,"Sometimes Iâ€™d wake up early out of habit but I almost always go back to sleep. Iâ€™d skip meals &amp; oversleep till noon, or worse. Then Iâ€™d wake up feeling groggy, Iâ€™d take a shower and my first meal of the day, looking at the time, thinking Iâ€™ve wasted half of my Saturday ğŸ˜”","Shah Alam, Selangor.ğŸ‡²ğŸ‡¾",sometimes id wake early habit almost always go back sleep id skip meal amp oversleep till noon worse id wake feeling groggy id take shower first meal day looking time thinking ive wasted half saturday
2022-07-05 02:24:10+00:00,ssorielle,@itlogred g'morning! eat kna breakfast luv! don't skip meals too. have a nice day babe! ğŸ¤â˜€ï¸,she/her | minor | multi! ,gmorning eat kna breakfast luv dont skip meal nice day babe
2022-07-05 02:22:36+00:00,ssorielle,"@fxacion g'morning, dion! i hope you ate your breakfast already please don't skip meals! have a nice day, love!ğŸ¤â˜€ï¸",she/her | minor | multi! ,gmorning dion hope ate breakfast already please dont skip meal nice day love
2022-07-05 00:56:46+00:00,ssorielle,"@antuk6n g'morning, kody! eat your breakfast na and don't skip meals okay? have a nice day, love. â˜€ï¸ğŸ¤",she/her | minor | multi! ,gmorning kody eat breakfast na dont skip meal okay nice day love
2022-06-25 12:31:09+00:00,zezaai,Rest well! Don't skip your meals oki ğŸ˜˜ I love you Choi Bomin ğŸ’• @Hi_Goldenness https://t.co/HIUPTzVD7S,,rest well dont skip meal oki love choi bomin
2022-06-18 12:43:25+00:00,abbott_fitmom,"You don't have to skip meals to manage your weight. 
Choose our healthy breakfast program that's:
âœ… nutrient rich
âœ… high protein
âœ… low calorie
âœ… Plant based
DM us! @ Carmona, Cavite https://t.co/o3ZLOLdK6d",philippines,dont skip meal manage weight choose healthy breakfast program thats nutrient rich high protein low calorie plant based dm u carmona cavite
2022-05-06 03:26:45+00:00,legeorgeashley,"Life update for today video: morning walk, went to sss, pag-ibig, motortrade and check my pamangkins coz I miss them. And now having my home work-out. *skip meals tayo ngayong lunch* 

I know you donâ€™t care.ğŸ™‚","Vigan City, Ilocos Region",life update today video morning walk went ss pagibig motortrade check pamangkins coz miss home workout skip meal tayo ngayong lunch know dont care
2022-05-01 04:17:53+00:00,MikeWongTzeJin,"On weekends, well-to-do ppl will eat out, the average families will tapao &amp; the less fortunate ones will either cook or skip meals.
What category r u???",Malaysia,weekend welltodo ppl eat average family tapao amp le fortunate one either cook skip meal category r u
2022-04-26 07:33:06+00:00,francsetya,"donâ€™t skip meals boo, i need you to stay healthy

cause if youâ€™re sick, whoâ€™s gonna hurt me then..?","Bali, Indonesia",dont skip meal boo need stay healthy cause youre sick who gon na hurt
2022-04-03 12:45:58+00:00,seoKAAR_,Not donâ€™t eat for dayss but *skipmeals yeahh,"Okayama-ken, Japan",dont eat days skipmeals yeahh
2022-02-08 05:03:23+00:00,itsaaimanyaakob,Happy luncheon everyone! Don't skip your meals,,happy luncheon everyone dont skip meal
